text,label
"Raden Gandakusuma, putra Arjuna dan Dewi Gandawati, berpamitan kepada ibunya untuk mencari ayah kandungnya di Kerajaan Amarta. Dewi Grantangsasi bersyukur atas berakhirnya kesalahpahaman, dan kisah Gandawardaya pun menjadi pelajaran tentang kesetiaan, tipu daya, dan pengampunan.",1
Dataset ini akan digunakan untuk percobaan NLP sederhana. Proyek ini bertujuan mengenali tema dalam cerita berdasarkan kata kunci.,0
Hari ini cuaca sangat cerah dan langit berwarna biru. Analisis teks dapat digunakan untuk memahami emosi dan topik dalam dokumen.,0
Aku sedang belajar membuat dataset teks untuk pelatihan model bahasa. Aku sedang belajar membuat dataset teks untuk pelatihan model bahasa.,0
Pemrograman Python sangat menyenangkan jika dipelajari dengan sabar. Saya sedang menguji model klasifikasi teks menggunakan dataset buatan.,0
"Raden Gandakusuma, putra Arjuna dan Dewi Gandawati, berpamitan kepada ibunya untuk mencari ayah kandungnya di Kerajaan Amarta. Setelah semua kebenaran terungkap, Raden Arjuna...",1
Banyak orang menyukai cerita fiksi karena mengandung nilai moral. Analisis teks dapat digunakan untuk memahami emosi dan topik dalam dokumen.,0
"Setelah semua kebenaran terungkap, Raden Arjuna memeluk kedua putranya dan mengajak mereka tinggal di Indraprasta. Pertarungan hebat terjadi antara Raden Gandakusuma dan Raden...",1
"Raden Gandawardaya menyerang Kerajaan Amarta atas perintah Prabu Duryudana, dan berhasil menaklukkan Arya Wrekodara, Raden Antareja, serta Raden Gatutkaca. Raden Gandakusuma, putra Arjuna dan Dewi Gandawati, berpamitan kepada ibunya untuk mencari...",1
"Patih Sangkuni menipu Bambang Gandawardaya dengan mengatakan bahwa ayah kandungnya adalah Prabu Duryudana, padahal sebenarnya Raden Premadi adalah nama lain dari Raden Arjuna. Raden Gandawardaya menyerang Kerajaan Amarta atas perintah Prabu...",1
Membaca kisah klasik bisa membantu memahami budaya dan sejarah masyarakat. Proyek ini bertujuan mengenali tema dalam cerita berdasarkan kata kunci.,0
"Dewi Grantangsasi, istri Raden Gandawardaya, ditinggal suaminya dan dirayu oleh Raden Lesmana Mandrakumara, namun ia menolak dan menggunakan aji sirep untuk melarikan diri dari istana. Raden...",1
Aku sedang belajar membuat dataset teks untuk pelatihan model bahasa. Model pembelajaran mesin membutuhkan data yang seimbang antara dua kelas.,0
"Raden Gandakusuma, putra Arjuna dan Dewi Gandawati, berpamitan kepada ibunya untuk mencari ayah kandungnya di Kerajaan Amarta. Raden Gandawardaya menyerang Kerajaan Amarta atas perintah Prabu Duryudana,...",1
Pemrograman Python sangat menyenangkan jika dipelajari dengan sabar. Pemrograman Python sangat menyenangkan jika dipelajari dengan sabar.,0
Membaca kisah klasik bisa membantu memahami budaya dan sejarah masyarakat. Membaca kisah klasik bisa membantu memahami budaya dan sejarah masyarakat.,0
Membaca kisah klasik bisa membantu memahami budaya dan sejarah masyarakat. Hari ini cuaca sangat cerah dan langit berwarna biru.,0
"Prabu Kresna hadir sebagai penengah, memastikan agar Raden Gandawardaya menebus kesalahannya dengan membebaskan para Pandawa yang ditawan. Prabu Kresna hadir sebagai penengah, memastikan agar Raden Gandawardaya menebus kesalahannya dengan membebaskan para Pandawa yang ditawan.",1
"Patih Sangkuni menipu Bambang Gandawardaya dengan mengatakan bahwa ayah kandungnya adalah Prabu Duryudana, padahal sebenarnya Raden Premadi adalah nama lain dari Raden Arjuna. Patih Sangkuni menipu Bambang Gandawardaya dengan mengatakan bahwa ayah kandungnya adalah Prabu Duryudana, padahal sebenarnya Raden Premadi...",1
"Bagawan Wilawuk datang menjelaskan kebenaran bahwa Raden Arjuna adalah ayah dari kedua pemuda itu. Semua kesalahpahaman pun berakhir dengan damai. Dewi Grantangsasi, istri Raden Gandawardaya, ditinggal...",1
"Pertarungan hebat terjadi antara Raden Gandakusuma dan Raden Gandawardaya, hingga akhirnya mereka sadar bahwa keduanya adalah saudara seayah. Prabu Kresna hadir sebagai penengah, memastikan agar Raden Gandawardaya menebus kesalahannya dengan membebaskan para Pandawa yang ditawan.",1
Banyak orang menyukai cerita fiksi karena mengandung nilai moral. Pemrograman Python sangat menyenangkan jika dipelajari dengan sabar.,0
Proyek ini bertujuan mengenali tema dalam cerita berdasarkan kata kunci. Membaca kisah klasik bisa membantu memahami budaya dan sejarah masyarakat.,0
"Dewi Grantangsasi bersyukur atas berakhirnya kesalahpahaman, dan kisah Gandawardaya pun menjadi pelajaran tentang kesetiaan, tipu daya, dan pengampunan. Di Kerajaan Hastina, Prabu Duryudana dihadap Patih Sangkuni, Danghyang Druna, dan Adipati Karna. Patih Sangkuni melaporkan tentang seorang pemuda bernama Bambang Gandawardaya yang...",1
"Dewi Grantangsasi, istri Raden Gandawardaya, ditinggal suaminya dan dirayu oleh Raden Lesmana Mandrakumara, namun ia menolak dan menggunakan aji sirep untuk melarikan diri dari istana. Dewi Grantangsasi, istri...",1
"Prabu Kresna hadir sebagai penengah, memastikan agar Raden Gandawardaya menebus kesalahannya dengan membebaskan para Pandawa yang ditawan. Raden Gandawardaya menyerang Kerajaan Amarta atas perintah Prabu Duryudana, dan...",1
Hari ini cuaca sangat cerah dan langit berwarna biru. Proyek ini bertujuan mengenali tema dalam cerita berdasarkan kata kunci.,0
Analisis teks dapat digunakan untuk memahami emosi dan topik dalam dokumen. Hari ini cuaca sangat cerah dan langit berwarna biru.,0
"Setelah semua kebenaran terungkap, Raden Arjuna memeluk kedua putranya dan mengajak mereka tinggal di Indraprasta. Bagawan Wilawuk datang menjelaskan kebenaran bahwa Raden Arjuna adalah ayah dari kedua pemuda itu. Semua...",1
"Di Kerajaan Hastina, Prabu Duryudana dihadap Patih Sangkuni, Danghyang Druna, dan Adipati Karna. Patih Sangkuni melaporkan tentang seorang pemuda bernama Bambang Gandawardaya yang sangat sakti. Dewi Grantangsasi, istri Raden Gandawardaya, ditinggal suaminya dan dirayu oleh Raden Lesmana Mandrakumara, namun ia menolak dan...",1
Dataset ini akan digunakan untuk percobaan NLP sederhana. Hari ini cuaca sangat cerah dan langit berwarna biru.,0
"Patih Sangkuni menipu Bambang Gandawardaya dengan mengatakan bahwa ayah kandungnya adalah Prabu Duryudana, padahal sebenarnya Raden Premadi adalah nama lain dari Raden Arjuna. Bagawan Wilawuk datang menjelaskan kebenaran bahwa Raden Arjuna adalah ayah dari kedua...",1
"Raden Gandawardaya menyerang Kerajaan Amarta atas perintah Prabu Duryudana, dan berhasil menaklukkan Arya Wrekodara, Raden Antareja, serta Raden Gatutkaca. Setelah semua kebenaran terungkap, Raden Arjuna memeluk kedua putranya dan mengajak mereka tinggal di Indraprasta.",1
Hari ini cuaca sangat cerah dan langit berwarna biru. Membaca kisah klasik bisa membantu memahami budaya dan sejarah masyarakat.,0
Hari ini cuaca sangat cerah dan langit berwarna biru. Model pembelajaran mesin membutuhkan data yang seimbang antara dua kelas.,0
"Di Kerajaan Hastina, Prabu Duryudana dihadap Patih Sangkuni, Danghyang Druna, dan Adipati Karna. Patih Sangkuni melaporkan tentang seorang pemuda bernama Bambang Gandawardaya yang sangat...",1
Analisis teks dapat digunakan untuk memahami emosi dan topik dalam dokumen. Banyak orang menyukai cerita fiksi karena mengandung nilai moral.,0
"Setelah semua kebenaran terungkap, Raden Arjuna memeluk kedua putranya dan mengajak mereka tinggal di Indraprasta. Raden Gandawardaya menyerang Kerajaan Amarta atas perintah Prabu Duryudana,...",1
Banyak orang menyukai cerita fiksi karena mengandung nilai moral. Saya sedang menguji model klasifikasi teks menggunakan dataset buatan.,0
"Raden Gandawardaya menyerang Kerajaan Amarta atas perintah Prabu Duryudana, dan berhasil menaklukkan Arya Wrekodara, Raden Antareja, serta Raden Gatutkaca. Prabu Kresna hadir sebagai penengah, memastikan...",1
"Patih Sangkuni menipu Bambang Gandawardaya dengan mengatakan bahwa ayah kandungnya adalah Prabu Duryudana, padahal sebenarnya Raden Premadi adalah nama lain dari Raden Arjuna. Di Kerajaan Hastina, Prabu Duryudana dihadap Patih Sangkuni, Danghyang Druna, dan Adipati Karna. Patih Sangkuni...",1
Analisis teks dapat digunakan untuk memahami emosi dan topik dalam dokumen. Banyak orang menyukai cerita fiksi karena mengandung nilai moral.,0
"Patih Sangkuni menipu Bambang Gandawardaya dengan mengatakan bahwa ayah kandungnya adalah Prabu Duryudana, padahal sebenarnya Raden Premadi adalah nama lain dari Raden Arjuna. Di Kerajaan Hastina, Prabu Duryudana dihadap Patih Sangkuni, Danghyang...",1
Pemrograman Python sangat menyenangkan jika dipelajari dengan sabar. Analisis teks dapat digunakan untuk memahami emosi dan topik dalam dokumen.,0
Saya sedang menguji model klasifikasi teks menggunakan dataset buatan. Aku sedang belajar membuat dataset teks untuk pelatihan model bahasa.,0
"Dewi Grantangsasi, istri Raden Gandawardaya, ditinggal suaminya dan dirayu oleh Raden Lesmana Mandrakumara, namun ia menolak dan menggunakan aji sirep untuk melarikan diri dari istana. Dewi Grantangsasi, istri Raden...",1
"Raden Gandawardaya menyerang Kerajaan Amarta atas perintah Prabu Duryudana, dan berhasil menaklukkan Arya Wrekodara, Raden Antareja, serta Raden Gatutkaca. Prabu Kresna hadir sebagai penengah, memastikan agar...",1
"Pertarungan hebat terjadi antara Raden Gandakusuma dan Raden Gandawardaya, hingga akhirnya mereka sadar bahwa keduanya adalah saudara seayah. Raden Gandakusuma, putra Arjuna dan Dewi Gandawati, berpamitan kepada...",1
Saya sedang menguji model klasifikasi teks menggunakan dataset buatan. Saya sedang menguji model klasifikasi teks menggunakan dataset buatan.,0
Bagawan Wilawuk datang menjelaskan kebenaran bahwa Raden Arjuna adalah ayah dari kedua pemuda itu. Semua kesalahpahaman pun berakhir dengan damai. Dewi Grantangsasi bersyukur atas...,1
"Bagawan Wilawuk datang menjelaskan kebenaran bahwa Raden Arjuna adalah ayah dari kedua pemuda itu. Semua kesalahpahaman pun berakhir dengan damai. Prabu Kresna hadir sebagai penengah, memastikan agar Raden Gandawardaya menebus kesalahannya dengan membebaskan para Pandawa yang...",1
"Patih Sangkuni menipu Bambang Gandawardaya dengan mengatakan bahwa ayah kandungnya adalah Prabu Duryudana, padahal sebenarnya Raden Premadi adalah nama lain dari Raden Arjuna. Setelah semua kebenaran...",1
Analisis teks dapat digunakan untuk memahami emosi dan topik dalam dokumen. Proyek ini bertujuan mengenali tema dalam cerita berdasarkan kata kunci.,0
Aku sedang belajar membuat dataset teks untuk pelatihan model bahasa. Model pembelajaran mesin membutuhkan data yang seimbang antara dua kelas.,0
Membaca kisah klasik bisa membantu memahami budaya dan sejarah masyarakat. Proyek ini bertujuan mengenali tema dalam cerita berdasarkan kata kunci.,0
Membaca kisah klasik bisa membantu memahami budaya dan sejarah masyarakat. Hari ini cuaca sangat cerah dan langit berwarna biru.,0
Hari ini cuaca sangat cerah dan langit berwarna biru. Analisis teks dapat digunakan untuk memahami emosi dan topik dalam dokumen.,0
"Dewi Grantangsasi bersyukur atas berakhirnya kesalahpahaman, dan kisah Gandawardaya pun menjadi pelajaran tentang kesetiaan, tipu daya, dan pengampunan. Bagawan Wilawuk datang...",1
"Raden Gandawardaya menyerang Kerajaan Amarta atas perintah Prabu Duryudana, dan berhasil menaklukkan Arya Wrekodara, Raden Antareja, serta Raden Gatutkaca. Raden Gandakusuma, putra Arjuna dan Dewi Gandawati, berpamitan kepada ibunya untuk mencari ayah kandungnya di Kerajaan Amarta.",1
Pemrograman Python sangat menyenangkan jika dipelajari dengan sabar. Saya sedang menguji model klasifikasi teks menggunakan dataset buatan.,0
Analisis teks dapat digunakan untuk memahami emosi dan topik dalam dokumen. Aku sedang belajar membuat dataset teks untuk pelatihan model bahasa.,0
Pemrograman Python sangat menyenangkan jika dipelajari dengan sabar. Membaca kisah klasik bisa membantu memahami budaya dan sejarah masyarakat.,0
Proyek ini bertujuan mengenali tema dalam cerita berdasarkan kata kunci. Hari ini cuaca sangat cerah dan langit berwarna biru.,0
Dataset ini akan digunakan untuk percobaan NLP sederhana. Analisis teks dapat digunakan untuk memahami emosi dan topik dalam dokumen.,0
Banyak orang menyukai cerita fiksi karena mengandung nilai moral. Membaca kisah klasik bisa membantu memahami budaya dan sejarah masyarakat.,0
"Raden Gandawardaya menyerang Kerajaan Amarta atas perintah Prabu Duryudana, dan berhasil menaklukkan Arya Wrekodara, Raden Antareja, serta Raden Gatutkaca. Di Kerajaan Hastina, Prabu Duryudana dihadap Patih Sangkuni, Danghyang Druna, dan Adipati Karna. Patih Sangkuni melaporkan...",1
"Bagawan Wilawuk datang menjelaskan kebenaran bahwa Raden Arjuna adalah ayah dari kedua pemuda itu. Semua kesalahpahaman pun berakhir dengan damai. Prabu Kresna hadir sebagai penengah, memastikan agar...",1
Aku sedang belajar membuat dataset teks untuk pelatihan model bahasa. Saya sedang menguji model klasifikasi teks menggunakan dataset buatan.,0
"Prabu Kresna hadir sebagai penengah, memastikan agar Raden Gandawardaya menebus kesalahannya dengan membebaskan para Pandawa yang ditawan. Raden Gandakusuma, putra Arjuna dan Dewi Gandawati, berpamitan kepada ibunya untuk mencari ayah kandungnya di Kerajaan Amarta.",1
"Patih Sangkuni menipu Bambang Gandawardaya dengan mengatakan bahwa ayah kandungnya adalah Prabu Duryudana, padahal sebenarnya Raden Premadi adalah nama lain dari Raden Arjuna. Di Kerajaan Hastina, Prabu Duryudana...",1
Dataset ini akan digunakan untuk percobaan NLP sederhana. Dataset ini akan digunakan untuk percobaan NLP sederhana.,0
"Patih Sangkuni menipu Bambang Gandawardaya dengan mengatakan bahwa ayah kandungnya adalah Prabu Duryudana, padahal sebenarnya Raden Premadi adalah nama lain dari Raden Arjuna. Patih Sangkuni menipu Bambang Gandawardaya dengan mengatakan bahwa ayah kandungnya adalah Prabu Duryudana, padahal sebenarnya...",1
"Raden Gandawardaya menyerang Kerajaan Amarta atas perintah Prabu Duryudana, dan berhasil menaklukkan Arya Wrekodara, Raden Antareja, serta Raden Gatutkaca. Raden Gandakusuma, putra Arjuna dan Dewi Gandawati,...",1
"Patih Sangkuni menipu Bambang Gandawardaya dengan mengatakan bahwa ayah kandungnya adalah Prabu Duryudana, padahal sebenarnya Raden Premadi adalah nama lain dari Raden Arjuna. Raden Gandakusuma, putra Arjuna dan Dewi Gandawati,...",1
"Di Kerajaan Hastina, Prabu Duryudana dihadap Patih Sangkuni, Danghyang Druna, dan Adipati Karna. Patih Sangkuni melaporkan tentang seorang pemuda bernama Bambang Gandawardaya yang sangat sakti. Di Kerajaan Hastina, Prabu Duryudana dihadap Patih Sangkuni,...",1
"Dewi Grantangsasi, istri Raden Gandawardaya, ditinggal suaminya dan dirayu oleh Raden Lesmana Mandrakumara, namun ia menolak dan menggunakan aji sirep untuk melarikan diri dari istana. Setelah semua kebenaran terungkap, Raden Arjuna memeluk kedua putranya dan mengajak mereka tinggal di Indraprasta.",1
"Raden Gandakusuma, putra Arjuna dan Dewi Gandawati, berpamitan kepada ibunya untuk mencari ayah kandungnya di Kerajaan Amarta. Dewi Grantangsasi, istri Raden Gandawardaya, ditinggal suaminya dan dirayu oleh Raden Lesmana Mandrakumara, namun ia menolak dan menggunakan aji sirep untuk...",1
"Pertarungan hebat terjadi antara Raden Gandakusuma dan Raden Gandawardaya, hingga akhirnya mereka sadar bahwa keduanya adalah saudara seayah. Dewi Grantangsasi, istri Raden Gandawardaya, ditinggal suaminya dan dirayu oleh Raden Lesmana Mandrakumara, namun ia menolak dan menggunakan aji sirep untuk melarikan diri dari istana.",1
Aku sedang belajar membuat dataset teks untuk pelatihan model bahasa. Saya sedang menguji model klasifikasi teks menggunakan dataset buatan.,0
Bagawan Wilawuk datang menjelaskan kebenaran bahwa Raden Arjuna adalah ayah dari kedua pemuda itu. Semua kesalahpahaman pun berakhir dengan damai. Bagawan Wilawuk datang menjelaskan kebenaran bahwa Raden Arjuna adalah ayah dari kedua pemuda itu. Semua...,1
"Raden Gandawardaya menyerang Kerajaan Amarta atas perintah Prabu Duryudana, dan berhasil menaklukkan Arya Wrekodara, Raden Antareja, serta Raden Gatutkaca. Di Kerajaan Hastina, Prabu Duryudana dihadap Patih Sangkuni, Danghyang Druna, dan...",1
Membaca kisah klasik bisa membantu memahami budaya dan sejarah masyarakat. Analisis teks dapat digunakan untuk memahami emosi dan topik dalam dokumen.,0
"Patih Sangkuni menipu Bambang Gandawardaya dengan mengatakan bahwa ayah kandungnya adalah Prabu Duryudana, padahal sebenarnya Raden Premadi adalah nama lain dari Raden Arjuna. Di...",1
Banyak orang menyukai cerita fiksi karena mengandung nilai moral. Analisis teks dapat digunakan untuk memahami emosi dan topik dalam dokumen.,0
Proyek ini bertujuan mengenali tema dalam cerita berdasarkan kata kunci. Aku sedang belajar membuat dataset teks untuk pelatihan model bahasa.,0
"Di Kerajaan Hastina, Prabu Duryudana dihadap Patih Sangkuni, Danghyang Druna, dan Adipati Karna. Patih Sangkuni melaporkan tentang seorang pemuda bernama Bambang Gandawardaya yang sangat sakti. Dewi Grantangsasi, istri Raden Gandawardaya, ditinggal suaminya dan dirayu oleh Raden Lesmana...",1
"Dewi Grantangsasi, istri Raden Gandawardaya, ditinggal suaminya dan dirayu oleh Raden Lesmana Mandrakumara, namun ia menolak dan menggunakan aji sirep untuk melarikan diri dari istana. Bagawan Wilawuk datang...",1
Pemrograman Python sangat menyenangkan jika dipelajari dengan sabar. Aku sedang belajar membuat dataset teks untuk pelatihan model bahasa.,0
Membaca kisah klasik bisa membantu memahami budaya dan sejarah masyarakat. Model pembelajaran mesin membutuhkan data yang seimbang antara dua kelas.,0
"Prabu Kresna hadir sebagai penengah, memastikan agar Raden Gandawardaya menebus kesalahannya dengan membebaskan para Pandawa yang ditawan. Dewi Grantangsasi, istri Raden Gandawardaya, ditinggal suaminya dan dirayu oleh Raden Lesmana Mandrakumara, namun ia menolak dan menggunakan aji sirep untuk melarikan...",1
Pemrograman Python sangat menyenangkan jika dipelajari dengan sabar. Model pembelajaran mesin membutuhkan data yang seimbang antara dua kelas.,0
Proyek ini bertujuan mengenali tema dalam cerita berdasarkan kata kunci. Pemrograman Python sangat menyenangkan jika dipelajari dengan sabar.,0
Model pembelajaran mesin membutuhkan data yang seimbang antara dua kelas. Saya sedang menguji model klasifikasi teks menggunakan dataset buatan.,0
"Raden Gandawardaya menyerang Kerajaan Amarta atas perintah Prabu Duryudana, dan berhasil menaklukkan Arya Wrekodara, Raden Antareja, serta Raden Gatutkaca. Prabu Kresna hadir sebagai penengah, memastikan agar Raden Gandawardaya menebus kesalahannya dengan membebaskan para...",1
"Setelah semua kebenaran terungkap, Raden Arjuna memeluk kedua putranya dan mengajak mereka tinggal di Indraprasta. Dewi Grantangsasi, istri Raden Gandawardaya, ditinggal suaminya dan dirayu oleh Raden Lesmana Mandrakumara, namun ia menolak dan menggunakan aji sirep untuk melarikan diri dari istana.",1
Dataset ini akan digunakan untuk percobaan NLP sederhana. Proyek ini bertujuan mengenali tema dalam cerita berdasarkan kata kunci.,0
"Setelah semua kebenaran terungkap, Raden Arjuna memeluk kedua putranya dan mengajak mereka tinggal di Indraprasta. Raden Gandakusuma, putra Arjuna dan Dewi Gandawati, berpamitan kepada ibunya untuk mencari ayah...",1
Model pembelajaran mesin membutuhkan data yang seimbang antara dua kelas. Banyak orang menyukai cerita fiksi karena mengandung nilai moral.,0
Membaca kisah klasik bisa membantu memahami budaya dan sejarah masyarakat. Saya sedang menguji model klasifikasi teks menggunakan dataset buatan.,0
"Pertarungan hebat terjadi antara Raden Gandakusuma dan Raden Gandawardaya, hingga akhirnya mereka sadar bahwa keduanya adalah saudara seayah. Raden Gandakusuma, putra Arjuna dan Dewi Gandawati, berpamitan kepada ibunya untuk mencari ayah kandungnya di Kerajaan Amarta.",1
"Dewi Grantangsasi, istri Raden Gandawardaya, ditinggal suaminya dan dirayu oleh Raden Lesmana Mandrakumara, namun ia menolak dan menggunakan aji sirep untuk melarikan diri dari istana. Raden Gandawardaya menyerang Kerajaan Amarta atas perintah Prabu Duryudana, dan berhasil menaklukkan Arya Wrekodara, Raden...",1
"Dewi Grantangsasi bersyukur atas berakhirnya kesalahpahaman, dan kisah Gandawardaya pun menjadi pelajaran tentang kesetiaan, tipu daya, dan pengampunan. Pertarungan hebat terjadi antara Raden Gandakusuma dan Raden Gandawardaya,...",1
Pemrograman Python sangat menyenangkan jika dipelajari dengan sabar. Pemrograman Python sangat menyenangkan jika dipelajari dengan sabar.,0
"Bagawan Wilawuk datang menjelaskan kebenaran bahwa Raden Arjuna adalah ayah dari kedua pemuda itu. Semua kesalahpahaman pun berakhir dengan damai. Dewi Grantangsasi, istri Raden Gandawardaya, ditinggal suaminya dan dirayu oleh Raden Lesmana Mandrakumara,...",1
Banyak orang menyukai cerita fiksi karena mengandung nilai moral. Membaca kisah klasik bisa membantu memahami budaya dan sejarah masyarakat.,0
Banyak orang menyukai cerita fiksi karena mengandung nilai moral. Dataset ini akan digunakan untuk percobaan NLP sederhana.,0
Dataset ini akan digunakan untuk percobaan NLP sederhana. Banyak orang menyukai cerita fiksi karena mengandung nilai moral.,0
"Setelah semua kebenaran terungkap, Raden Arjuna memeluk kedua putranya dan mengajak mereka tinggal di Indraprasta. Patih Sangkuni menipu Bambang Gandawardaya dengan mengatakan bahwa ayah kandungnya adalah Prabu...",1
Aku sedang belajar membuat dataset teks untuk pelatihan model bahasa. Model pembelajaran mesin membutuhkan data yang seimbang antara dua kelas.,0
Model pembelajaran mesin membutuhkan data yang seimbang antara dua kelas. Proyek ini bertujuan mengenali tema dalam cerita berdasarkan kata kunci.,0
Membaca kisah klasik bisa membantu memahami budaya dan sejarah masyarakat. Model pembelajaran mesin membutuhkan data yang seimbang antara dua kelas.,0
"Di Kerajaan Hastina, Prabu Duryudana dihadap Patih Sangkuni, Danghyang Druna, dan Adipati Karna. Patih Sangkuni melaporkan tentang seorang pemuda bernama Bambang Gandawardaya yang sangat...",1
"Patih Sangkuni menipu Bambang Gandawardaya dengan mengatakan bahwa ayah kandungnya adalah Prabu Duryudana, padahal sebenarnya Raden Premadi adalah nama lain dari Raden Arjuna. Raden Gandakusuma, putra Arjuna dan Dewi Gandawati, berpamitan kepada ibunya untuk mencari ayah kandungnya di Kerajaan Amarta.",1
Membaca kisah klasik bisa membantu memahami budaya dan sejarah masyarakat. Proyek ini bertujuan mengenali tema dalam cerita berdasarkan kata kunci.,0
Pemrograman Python sangat menyenangkan jika dipelajari dengan sabar. Proyek ini bertujuan mengenali tema dalam cerita berdasarkan kata kunci.,0
"Prabu Kresna hadir sebagai penengah, memastikan agar Raden Gandawardaya menebus kesalahannya dengan membebaskan para Pandawa yang ditawan. Dewi Grantangsasi, istri Raden Gandawardaya, ditinggal suaminya dan dirayu oleh Raden Lesmana Mandrakumara, namun ia menolak dan menggunakan aji sirep untuk...",1
"Di Kerajaan Hastina, Prabu Duryudana dihadap Patih Sangkuni, Danghyang Druna, dan Adipati Karna. Patih Sangkuni melaporkan tentang seorang pemuda bernama Bambang Gandawardaya yang sangat sakti....",1
Proyek ini bertujuan mengenali tema dalam cerita berdasarkan kata kunci. Model pembelajaran mesin membutuhkan data yang seimbang antara dua kelas.,0
"Patih Sangkuni menipu Bambang Gandawardaya dengan mengatakan bahwa ayah kandungnya adalah Prabu Duryudana, padahal sebenarnya Raden Premadi adalah nama lain dari Raden Arjuna. Dewi Grantangsasi bersyukur atas berakhirnya kesalahpahaman, dan kisah Gandawardaya pun menjadi pelajaran...",1
"Pertarungan hebat terjadi antara Raden Gandakusuma dan Raden Gandawardaya, hingga akhirnya mereka sadar bahwa keduanya adalah saudara seayah. Raden Gandawardaya menyerang Kerajaan Amarta atas perintah Prabu Duryudana, dan berhasil menaklukkan Arya Wrekodara, Raden...",1
Banyak orang menyukai cerita fiksi karena mengandung nilai moral. Pemrograman Python sangat menyenangkan jika dipelajari dengan sabar.,0
"Prabu Kresna hadir sebagai penengah, memastikan agar Raden Gandawardaya menebus kesalahannya dengan membebaskan para Pandawa yang ditawan. Prabu Kresna hadir sebagai penengah, memastikan agar Raden Gandawardaya menebus kesalahannya dengan membebaskan para Pandawa...",1
Proyek ini bertujuan mengenali tema dalam cerita berdasarkan kata kunci. Membaca kisah klasik bisa membantu memahami budaya dan sejarah masyarakat.,0
"Setelah semua kebenaran terungkap, Raden Arjuna memeluk kedua putranya dan mengajak mereka tinggal di Indraprasta. Dewi Grantangsasi, istri Raden Gandawardaya, ditinggal suaminya dan dirayu oleh Raden Lesmana Mandrakumara, namun ia menolak dan menggunakan...",1
"Raden Gandakusuma, putra Arjuna dan Dewi Gandawati, berpamitan kepada ibunya untuk mencari ayah kandungnya di Kerajaan Amarta. Setelah semua kebenaran terungkap, Raden Arjuna memeluk kedua putranya dan...",1
Analisis teks dapat digunakan untuk memahami emosi dan topik dalam dokumen. Proyek ini bertujuan mengenali tema dalam cerita berdasarkan kata kunci.,0
Analisis teks dapat digunakan untuk memahami emosi dan topik dalam dokumen. Membaca kisah klasik bisa membantu memahami budaya dan sejarah masyarakat.,0
"Prabu Kresna hadir sebagai penengah, memastikan agar Raden Gandawardaya menebus kesalahannya dengan membebaskan para Pandawa yang ditawan. Di Kerajaan Hastina, Prabu Duryudana dihadap Patih Sangkuni,...",1
Pemrograman Python sangat menyenangkan jika dipelajari dengan sabar. Dataset ini akan digunakan untuk percobaan NLP sederhana.,0
Analisis teks dapat digunakan untuk memahami emosi dan topik dalam dokumen. Aku sedang belajar membuat dataset teks untuk pelatihan model bahasa.,0
"Dewi Grantangsasi, istri Raden Gandawardaya, ditinggal suaminya dan dirayu oleh Raden Lesmana Mandrakumara, namun ia menolak dan menggunakan aji sirep untuk melarikan diri dari istana. Patih Sangkuni menipu Bambang Gandawardaya dengan mengatakan...",1
"Di Kerajaan Hastina, Prabu Duryudana dihadap Patih Sangkuni, Danghyang Druna, dan Adipati Karna. Patih Sangkuni melaporkan tentang seorang pemuda bernama Bambang Gandawardaya yang sangat sakti. Dewi Grantangsasi, istri Raden Gandawardaya, ditinggal suaminya dan dirayu oleh Raden...",1
Model pembelajaran mesin membutuhkan data yang seimbang antara dua kelas. Hari ini cuaca sangat cerah dan langit berwarna biru.,0
"Di Kerajaan Hastina, Prabu Duryudana dihadap Patih Sangkuni, Danghyang Druna, dan Adipati Karna. Patih Sangkuni melaporkan tentang seorang pemuda bernama Bambang Gandawardaya yang sangat sakti. Dewi Grantangsasi bersyukur atas berakhirnya kesalahpahaman, dan...",1
Dataset ini akan digunakan untuk percobaan NLP sederhana. Analisis teks dapat digunakan untuk memahami emosi dan topik dalam dokumen.,0
"Dewi Grantangsasi, istri Raden Gandawardaya, ditinggal suaminya dan dirayu oleh Raden Lesmana Mandrakumara, namun ia menolak dan menggunakan aji sirep untuk melarikan diri dari istana. Patih Sangkuni menipu Bambang Gandawardaya dengan mengatakan bahwa ayah kandungnya adalah Prabu Duryudana,...",1
Hari ini cuaca sangat cerah dan langit berwarna biru. Saya sedang menguji model klasifikasi teks menggunakan dataset buatan.,0
Aku sedang belajar membuat dataset teks untuk pelatihan model bahasa. Proyek ini bertujuan mengenali tema dalam cerita berdasarkan kata kunci.,0
"Pertarungan hebat terjadi antara Raden Gandakusuma dan Raden Gandawardaya, hingga akhirnya mereka sadar bahwa keduanya adalah saudara seayah. Patih Sangkuni menipu Bambang Gandawardaya dengan mengatakan bahwa ayah kandungnya adalah Prabu...",1
"Dewi Grantangsasi bersyukur atas berakhirnya kesalahpahaman, dan kisah Gandawardaya pun menjadi pelajaran tentang kesetiaan, tipu daya, dan pengampunan. Di Kerajaan Hastina, Prabu Duryudana dihadap Patih Sangkuni, Danghyang Druna, dan Adipati Karna. Patih Sangkuni melaporkan tentang seorang pemuda bernama Bambang Gandawardaya yang...",1
Analisis teks dapat digunakan untuk memahami emosi dan topik dalam dokumen. Aku sedang belajar membuat dataset teks untuk pelatihan model bahasa.,0
"Raden Gandakusuma, putra Arjuna dan Dewi Gandawati, berpamitan kepada ibunya untuk mencari ayah kandungnya di Kerajaan Amarta. Di Kerajaan Hastina, Prabu Duryudana dihadap Patih Sangkuni,...",1
"Prabu Kresna hadir sebagai penengah, memastikan agar Raden Gandawardaya menebus kesalahannya dengan membebaskan para Pandawa yang ditawan. Dewi Grantangsasi bersyukur atas berakhirnya kesalahpahaman, dan kisah Gandawardaya pun menjadi pelajaran...",1
Membaca kisah klasik bisa membantu memahami budaya dan sejarah masyarakat. Dataset ini akan digunakan untuk percobaan NLP sederhana.,0
Dataset ini akan digunakan untuk percobaan NLP sederhana. Hari ini cuaca sangat cerah dan langit berwarna biru.,0
Analisis teks dapat digunakan untuk memahami emosi dan topik dalam dokumen. Dataset ini akan digunakan untuk percobaan NLP sederhana.,0
Hari ini cuaca sangat cerah dan langit berwarna biru. Hari ini cuaca sangat cerah dan langit berwarna biru.,0
Aku sedang belajar membuat dataset teks untuk pelatihan model bahasa. Membaca kisah klasik bisa membantu memahami budaya dan sejarah masyarakat.,0
"Prabu Kresna hadir sebagai penengah, memastikan agar Raden Gandawardaya menebus kesalahannya dengan membebaskan para Pandawa yang ditawan. Raden Gandakusuma, putra Arjuna dan Dewi Gandawati,...",1
"Dewi Grantangsasi bersyukur atas berakhirnya kesalahpahaman, dan kisah Gandawardaya pun menjadi pelajaran tentang kesetiaan, tipu daya, dan pengampunan. Dewi Grantangsasi bersyukur atas berakhirnya...",1
Dataset ini akan digunakan untuk percobaan NLP sederhana. Membaca kisah klasik bisa membantu memahami budaya dan sejarah masyarakat.,0
"Setelah semua kebenaran terungkap, Raden Arjuna memeluk kedua putranya dan mengajak mereka tinggal di Indraprasta. Pertarungan hebat terjadi antara Raden Gandakusuma dan Raden...",1
"Prabu Kresna hadir sebagai penengah, memastikan agar Raden Gandawardaya menebus kesalahannya dengan membebaskan para Pandawa yang ditawan. Patih Sangkuni menipu Bambang Gandawardaya dengan...",1
Saya sedang menguji model klasifikasi teks menggunakan dataset buatan. Saya sedang menguji model klasifikasi teks menggunakan dataset buatan.,0
"Dewi Grantangsasi bersyukur atas berakhirnya kesalahpahaman, dan kisah Gandawardaya pun menjadi pelajaran tentang kesetiaan, tipu daya, dan pengampunan. Raden Gandakusuma, putra Arjuna dan Dewi Gandawati, berpamitan kepada ibunya untuk mencari ayah kandungnya di Kerajaan Amarta.",1
"Dewi Grantangsasi, istri Raden Gandawardaya, ditinggal suaminya dan dirayu oleh Raden Lesmana Mandrakumara, namun ia menolak dan menggunakan aji sirep untuk melarikan diri dari istana. Pertarungan hebat terjadi antara Raden Gandakusuma dan...",1
"Di Kerajaan Hastina, Prabu Duryudana dihadap Patih Sangkuni, Danghyang Druna, dan Adipati Karna. Patih Sangkuni melaporkan tentang seorang pemuda bernama Bambang Gandawardaya yang sangat sakti. Setelah semua kebenaran...",1
Saya sedang menguji model klasifikasi teks menggunakan dataset buatan. Dataset ini akan digunakan untuk percobaan NLP sederhana.,0
Banyak orang menyukai cerita fiksi karena mengandung nilai moral. Membaca kisah klasik bisa membantu memahami budaya dan sejarah masyarakat.,0
Hari ini cuaca sangat cerah dan langit berwarna biru. Saya sedang menguji model klasifikasi teks menggunakan dataset buatan.,0
Pemrograman Python sangat menyenangkan jika dipelajari dengan sabar. Aku sedang belajar membuat dataset teks untuk pelatihan model bahasa.,0
Hari ini cuaca sangat cerah dan langit berwarna biru. Pemrograman Python sangat menyenangkan jika dipelajari dengan sabar.,0
"Pertarungan hebat terjadi antara Raden Gandakusuma dan Raden Gandawardaya, hingga akhirnya mereka sadar bahwa keduanya adalah saudara seayah. Di Kerajaan Hastina, Prabu Duryudana dihadap...",1
"Di Kerajaan Hastina, Prabu Duryudana dihadap Patih Sangkuni, Danghyang Druna, dan Adipati Karna. Patih Sangkuni melaporkan tentang seorang pemuda bernama Bambang Gandawardaya yang sangat sakti. Patih Sangkuni menipu Bambang...",1
"Di Kerajaan Hastina, Prabu Duryudana dihadap Patih Sangkuni, Danghyang Druna, dan Adipati Karna. Patih Sangkuni melaporkan tentang seorang pemuda bernama Bambang Gandawardaya yang sangat sakti. Pertarungan hebat terjadi antara Raden Gandakusuma dan Raden Gandawardaya, hingga akhirnya mereka sadar bahwa keduanya...",1
"Dewi Grantangsasi, istri Raden Gandawardaya, ditinggal suaminya dan dirayu oleh Raden Lesmana Mandrakumara, namun ia menolak dan menggunakan aji sirep untuk melarikan diri dari istana. Raden Gandakusuma, putra Arjuna dan Dewi...",1
"Dewi Grantangsasi, istri Raden Gandawardaya, ditinggal suaminya dan dirayu oleh Raden Lesmana Mandrakumara, namun ia menolak dan menggunakan aji sirep untuk melarikan diri dari istana. Bagawan Wilawuk datang menjelaskan kebenaran bahwa Raden Arjuna adalah ayah...",1
Proyek ini bertujuan mengenali tema dalam cerita berdasarkan kata kunci. Dataset ini akan digunakan untuk percobaan NLP sederhana.,0
Aku sedang belajar membuat dataset teks untuk pelatihan model bahasa. Hari ini cuaca sangat cerah dan langit berwarna biru.,0
Proyek ini bertujuan mengenali tema dalam cerita berdasarkan kata kunci. Aku sedang belajar membuat dataset teks untuk pelatihan model bahasa.,0
"Raden Gandakusuma, putra Arjuna dan Dewi Gandawati, berpamitan kepada ibunya untuk mencari ayah kandungnya di Kerajaan Amarta. Patih Sangkuni menipu Bambang Gandawardaya dengan mengatakan bahwa ayah kandungnya adalah Prabu Duryudana, padahal sebenarnya Raden Premadi adalah nama lain dari Raden...",1
"Di Kerajaan Hastina, Prabu Duryudana dihadap Patih Sangkuni, Danghyang Druna, dan Adipati Karna. Patih Sangkuni melaporkan tentang seorang pemuda bernama Bambang Gandawardaya yang sangat sakti. Pertarungan hebat terjadi antara Raden Gandakusuma dan...",1
"Pertarungan hebat terjadi antara Raden Gandakusuma dan Raden Gandawardaya, hingga akhirnya mereka sadar bahwa keduanya adalah saudara seayah. Pertarungan hebat terjadi antara Raden Gandakusuma dan Raden Gandawardaya, hingga akhirnya mereka sadar bahwa keduanya adalah saudara seayah.",1
Bagawan Wilawuk datang menjelaskan kebenaran bahwa Raden Arjuna adalah ayah dari kedua pemuda itu. Semua kesalahpahaman pun berakhir dengan damai. Bagawan Wilawuk datang menjelaskan kebenaran bahwa Raden Arjuna adalah ayah dari kedua pemuda itu. Semua kesalahpahaman pun berakhir dengan damai.,1
"Dewi Grantangsasi bersyukur atas berakhirnya kesalahpahaman, dan kisah Gandawardaya pun menjadi pelajaran tentang kesetiaan, tipu daya, dan pengampunan. Raden Gandakusuma, putra Arjuna dan Dewi...",1
"Prabu Kresna hadir sebagai penengah, memastikan agar Raden Gandawardaya menebus kesalahannya dengan membebaskan para Pandawa yang ditawan. Dewi Grantangsasi, istri Raden Gandawardaya, ditinggal suaminya dan dirayu oleh Raden Lesmana Mandrakumara,...",1
Membaca kisah klasik bisa membantu memahami budaya dan sejarah masyarakat. Hari ini cuaca sangat cerah dan langit berwarna biru.,0
"Pertarungan hebat terjadi antara Raden Gandakusuma dan Raden Gandawardaya, hingga akhirnya mereka sadar bahwa keduanya adalah saudara seayah. Raden Gandawardaya menyerang Kerajaan Amarta atas perintah Prabu Duryudana, dan berhasil menaklukkan Arya...",1
Membaca kisah klasik bisa membantu memahami budaya dan sejarah masyarakat. Saya sedang menguji model klasifikasi teks menggunakan dataset buatan.,0
"Prabu Kresna hadir sebagai penengah, memastikan agar Raden Gandawardaya menebus kesalahannya dengan membebaskan para Pandawa yang ditawan. Setelah semua kebenaran terungkap, Raden Arjuna memeluk kedua...",1
Banyak orang menyukai cerita fiksi karena mengandung nilai moral. Membaca kisah klasik bisa membantu memahami budaya dan sejarah masyarakat.,0
"Raden Gandawardaya menyerang Kerajaan Amarta atas perintah Prabu Duryudana, dan berhasil menaklukkan Arya Wrekodara, Raden Antareja, serta Raden Gatutkaca. Di Kerajaan Hastina, Prabu Duryudana dihadap Patih Sangkuni, Danghyang Druna, dan Adipati Karna....",1
Dataset ini akan digunakan untuk percobaan NLP sederhana. Hari ini cuaca sangat cerah dan langit berwarna biru.,0
Membaca kisah klasik bisa membantu memahami budaya dan sejarah masyarakat. Pemrograman Python sangat menyenangkan jika dipelajari dengan sabar.,0
"Setelah semua kebenaran terungkap, Raden Arjuna memeluk kedua putranya dan mengajak mereka tinggal di Indraprasta. Raden Gandakusuma, putra Arjuna dan Dewi Gandawati, berpamitan kepada ibunya untuk mencari ayah kandungnya di Kerajaan Amarta.",1
"Pertarungan hebat terjadi antara Raden Gandakusuma dan Raden Gandawardaya, hingga akhirnya mereka sadar bahwa keduanya adalah saudara seayah. Di Kerajaan Hastina, Prabu Duryudana dihadap Patih Sangkuni, Danghyang Druna, dan Adipati Karna. Patih Sangkuni melaporkan...",1
Analisis teks dapat digunakan untuk memahami emosi dan topik dalam dokumen. Pemrograman Python sangat menyenangkan jika dipelajari dengan sabar.,0
"Patih Sangkuni menipu Bambang Gandawardaya dengan mengatakan bahwa ayah kandungnya adalah Prabu Duryudana, padahal sebenarnya Raden Premadi adalah nama lain dari Raden Arjuna. Dewi Grantangsasi, istri Raden...",1
"Prabu Kresna hadir sebagai penengah, memastikan agar Raden Gandawardaya menebus kesalahannya dengan membebaskan para Pandawa yang ditawan. Di Kerajaan Hastina, Prabu Duryudana dihadap Patih Sangkuni, Danghyang Druna, dan Adipati Karna. Patih Sangkuni melaporkan tentang seorang pemuda bernama Bambang Gandawardaya yang...",1
"Setelah semua kebenaran terungkap, Raden Arjuna memeluk kedua putranya dan mengajak mereka tinggal di Indraprasta. Raden Gandakusuma, putra Arjuna dan Dewi Gandawati, berpamitan kepada ibunya untuk mencari ayah kandungnya di Kerajaan Amarta.",1
"Di Kerajaan Hastina, Prabu Duryudana dihadap Patih Sangkuni, Danghyang Druna, dan Adipati Karna. Patih Sangkuni melaporkan tentang seorang pemuda bernama Bambang Gandawardaya yang sangat sakti. Raden Gandawardaya menyerang Kerajaan Amarta atas perintah Prabu Duryudana, dan berhasil...",1
Analisis teks dapat digunakan untuk memahami emosi dan topik dalam dokumen. Proyek ini bertujuan mengenali tema dalam cerita berdasarkan kata kunci.,0
"Pertarungan hebat terjadi antara Raden Gandakusuma dan Raden Gandawardaya, hingga akhirnya mereka sadar bahwa keduanya adalah saudara seayah. Raden Gandakusuma, putra Arjuna dan Dewi Gandawati, berpamitan kepada...",1
Banyak orang menyukai cerita fiksi karena mengandung nilai moral. Model pembelajaran mesin membutuhkan data yang seimbang antara dua kelas.,0
Pemrograman Python sangat menyenangkan jika dipelajari dengan sabar. Dataset ini akan digunakan untuk percobaan NLP sederhana.,0
"Setelah semua kebenaran terungkap, Raden Arjuna memeluk kedua putranya dan mengajak mereka tinggal di Indraprasta. Raden Gandawardaya menyerang Kerajaan Amarta atas perintah Prabu Duryudana, dan berhasil menaklukkan Arya Wrekodara, Raden Antareja, serta Raden Gatutkaca.",1
Membaca kisah klasik bisa membantu memahami budaya dan sejarah masyarakat. Pemrograman Python sangat menyenangkan jika dipelajari dengan sabar.,0
"Dewi Grantangsasi, istri Raden Gandawardaya, ditinggal suaminya dan dirayu oleh Raden Lesmana Mandrakumara, namun ia menolak dan menggunakan aji sirep untuk melarikan diri dari istana. Raden Gandawardaya menyerang Kerajaan Amarta atas perintah Prabu Duryudana, dan...",1
"Bagawan Wilawuk datang menjelaskan kebenaran bahwa Raden Arjuna adalah ayah dari kedua pemuda itu. Semua kesalahpahaman pun berakhir dengan damai. Dewi Grantangsasi bersyukur atas berakhirnya kesalahpahaman, dan kisah Gandawardaya pun menjadi pelajaran tentang kesetiaan, tipu...",1
"Raden Gandakusuma, putra Arjuna dan Dewi Gandawati, berpamitan kepada ibunya untuk mencari ayah kandungnya di Kerajaan Amarta. Pertarungan hebat terjadi antara Raden Gandakusuma dan Raden Gandawardaya, hingga akhirnya mereka sadar bahwa keduanya adalah...",1
"Dewi Grantangsasi bersyukur atas berakhirnya kesalahpahaman, dan kisah Gandawardaya pun menjadi pelajaran tentang kesetiaan, tipu daya, dan pengampunan. Bagawan Wilawuk datang menjelaskan kebenaran bahwa Raden Arjuna adalah ayah dari kedua pemuda itu. Semua kesalahpahaman pun...",1
Membaca kisah klasik bisa membantu memahami budaya dan sejarah masyarakat. Saya sedang menguji model klasifikasi teks menggunakan dataset buatan.,0
Model pembelajaran mesin membutuhkan data yang seimbang antara dua kelas. Proyek ini bertujuan mengenali tema dalam cerita berdasarkan kata kunci.,0
Saya sedang menguji model klasifikasi teks menggunakan dataset buatan. Model pembelajaran mesin membutuhkan data yang seimbang antara dua kelas.,0
Dataset ini akan digunakan untuk percobaan NLP sederhana. Proyek ini bertujuan mengenali tema dalam cerita berdasarkan kata kunci.,0
Membaca kisah klasik bisa membantu memahami budaya dan sejarah masyarakat. Saya sedang menguji model klasifikasi teks menggunakan dataset buatan.,0
"Patih Sangkuni menipu Bambang Gandawardaya dengan mengatakan bahwa ayah kandungnya adalah Prabu Duryudana, padahal sebenarnya Raden Premadi adalah nama lain dari Raden Arjuna. Dewi Grantangsasi bersyukur atas berakhirnya kesalahpahaman, dan kisah Gandawardaya pun menjadi pelajaran tentang kesetiaan, tipu daya, dan pengampunan.",1
"Prabu Kresna hadir sebagai penengah, memastikan agar Raden Gandawardaya menebus kesalahannya dengan membebaskan para Pandawa yang ditawan. Bagawan Wilawuk datang menjelaskan kebenaran bahwa Raden Arjuna adalah ayah dari kedua pemuda itu. Semua kesalahpahaman pun berakhir dengan damai.",1
Saya sedang menguji model klasifikasi teks menggunakan dataset buatan. Saya sedang menguji model klasifikasi teks menggunakan dataset buatan.,0
"Dewi Grantangsasi, istri Raden Gandawardaya, ditinggal suaminya dan dirayu oleh Raden Lesmana Mandrakumara, namun ia menolak dan menggunakan aji sirep untuk melarikan diri dari istana. Pertarungan hebat terjadi antara Raden Gandakusuma dan Raden Gandawardaya, hingga akhirnya mereka...",1
Banyak orang menyukai cerita fiksi karena mengandung nilai moral. Aku sedang belajar membuat dataset teks untuk pelatihan model bahasa.,0
"Setelah semua kebenaran terungkap, Raden Arjuna memeluk kedua putranya dan mengajak mereka tinggal di Indraprasta. Raden Gandakusuma, putra Arjuna dan Dewi Gandawati, berpamitan kepada ibunya untuk mencari ayah kandungnya di Kerajaan Amarta.",1
"Di Kerajaan Hastina, Prabu Duryudana dihadap Patih Sangkuni, Danghyang Druna, dan Adipati Karna. Patih Sangkuni melaporkan tentang seorang pemuda bernama Bambang Gandawardaya yang sangat sakti. Patih Sangkuni menipu Bambang Gandawardaya dengan mengatakan bahwa ayah kandungnya adalah Prabu Duryudana, padahal sebenarnya Raden Premadi adalah...",1
Analisis teks dapat digunakan untuk memahami emosi dan topik dalam dokumen. Model pembelajaran mesin membutuhkan data yang seimbang antara dua kelas.,0
Saya sedang menguji model klasifikasi teks menggunakan dataset buatan. Pemrograman Python sangat menyenangkan jika dipelajari dengan sabar.,0
Analisis teks dapat digunakan untuk memahami emosi dan topik dalam dokumen. Pemrograman Python sangat menyenangkan jika dipelajari dengan sabar.,0
Pemrograman Python sangat menyenangkan jika dipelajari dengan sabar. Proyek ini bertujuan mengenali tema dalam cerita berdasarkan kata kunci.,0
"Di Kerajaan Hastina, Prabu Duryudana dihadap Patih Sangkuni, Danghyang Druna, dan Adipati Karna. Patih Sangkuni melaporkan tentang seorang pemuda bernama Bambang Gandawardaya yang sangat sakti. Pertarungan hebat terjadi antara Raden Gandakusuma dan Raden Gandawardaya, hingga akhirnya mereka sadar bahwa keduanya adalah...",1
"Patih Sangkuni menipu Bambang Gandawardaya dengan mengatakan bahwa ayah kandungnya adalah Prabu Duryudana, padahal sebenarnya Raden Premadi adalah nama lain dari Raden Arjuna. Dewi Grantangsasi...",1
"Dewi Grantangsasi, istri Raden Gandawardaya, ditinggal suaminya dan dirayu oleh Raden Lesmana Mandrakumara, namun ia menolak dan menggunakan aji sirep untuk melarikan diri dari istana....",1
"Dewi Grantangsasi bersyukur atas berakhirnya kesalahpahaman, dan kisah Gandawardaya pun menjadi pelajaran tentang kesetiaan, tipu daya, dan pengampunan. Raden Gandakusuma, putra Arjuna dan Dewi Gandawati, berpamitan kepada ibunya untuk mencari ayah kandungnya...",1
"Dewi Grantangsasi, istri Raden Gandawardaya, ditinggal suaminya dan dirayu oleh Raden Lesmana Mandrakumara, namun ia menolak dan menggunakan aji sirep untuk melarikan diri dari istana. Dewi Grantangsasi, istri Raden Gandawardaya, ditinggal suaminya dan dirayu oleh Raden Lesmana Mandrakumara,...",1
"Raden Gandakusuma, putra Arjuna dan Dewi Gandawati, berpamitan kepada ibunya untuk mencari ayah kandungnya di Kerajaan Amarta. Dewi Grantangsasi, istri Raden Gandawardaya, ditinggal suaminya...",1
"Dewi Grantangsasi bersyukur atas berakhirnya kesalahpahaman, dan kisah Gandawardaya pun menjadi pelajaran tentang kesetiaan, tipu daya, dan pengampunan. Di Kerajaan Hastina, Prabu Duryudana dihadap Patih Sangkuni,...",1
"Dewi Grantangsasi, istri Raden Gandawardaya, ditinggal suaminya dan dirayu oleh Raden Lesmana Mandrakumara, namun ia menolak dan menggunakan aji sirep untuk melarikan diri dari istana. Di Kerajaan Hastina, Prabu Duryudana dihadap Patih Sangkuni, Danghyang Druna, dan Adipati Karna. Patih Sangkuni melaporkan tentang seorang pemuda bernama...",1
Dataset ini akan digunakan untuk percobaan NLP sederhana. Membaca kisah klasik bisa membantu memahami budaya dan sejarah masyarakat.,0
Aku sedang belajar membuat dataset teks untuk pelatihan model bahasa. Saya sedang menguji model klasifikasi teks menggunakan dataset buatan.,0
Proyek ini bertujuan mengenali tema dalam cerita berdasarkan kata kunci. Aku sedang belajar membuat dataset teks untuk pelatihan model bahasa.,0
"Raden Gandakusuma, putra Arjuna dan Dewi Gandawati, berpamitan kepada ibunya untuk mencari ayah kandungnya di Kerajaan Amarta. Raden Gandakusuma, putra Arjuna dan Dewi Gandawati, berpamitan kepada ibunya untuk mencari ayah kandungnya di...",1
Analisis teks dapat digunakan untuk memahami emosi dan topik dalam dokumen. Dataset ini akan digunakan untuk percobaan NLP sederhana.,0
"Dewi Grantangsasi bersyukur atas berakhirnya kesalahpahaman, dan kisah Gandawardaya pun menjadi pelajaran tentang kesetiaan, tipu daya, dan pengampunan. Dewi Grantangsasi bersyukur atas berakhirnya kesalahpahaman, dan kisah Gandawardaya pun menjadi pelajaran tentang kesetiaan, tipu daya, dan pengampunan.",1
Dataset ini akan digunakan untuk percobaan NLP sederhana. Pemrograman Python sangat menyenangkan jika dipelajari dengan sabar.,0
Proyek ini bertujuan mengenali tema dalam cerita berdasarkan kata kunci. Model pembelajaran mesin membutuhkan data yang seimbang antara dua kelas.,0
Hari ini cuaca sangat cerah dan langit berwarna biru. Hari ini cuaca sangat cerah dan langit berwarna biru.,0
"Dewi Grantangsasi, istri Raden Gandawardaya, ditinggal suaminya dan dirayu oleh Raden Lesmana Mandrakumara, namun ia menolak dan menggunakan aji sirep untuk melarikan diri dari istana. Di...",1
Banyak orang menyukai cerita fiksi karena mengandung nilai moral. Proyek ini bertujuan mengenali tema dalam cerita berdasarkan kata kunci.,0
Membaca kisah klasik bisa membantu memahami budaya dan sejarah masyarakat. Aku sedang belajar membuat dataset teks untuk pelatihan model bahasa.,0
Aku sedang belajar membuat dataset teks untuk pelatihan model bahasa. Hari ini cuaca sangat cerah dan langit berwarna biru.,0
"Raden Gandakusuma, putra Arjuna dan Dewi Gandawati, berpamitan kepada ibunya untuk mencari ayah kandungnya di Kerajaan Amarta. Setelah semua kebenaran terungkap, Raden Arjuna memeluk kedua putranya dan mengajak mereka tinggal di...",1
"Bagawan Wilawuk datang menjelaskan kebenaran bahwa Raden Arjuna adalah ayah dari kedua pemuda itu. Semua kesalahpahaman pun berakhir dengan damai. Raden Gandakusuma, putra Arjuna dan Dewi Gandawati, berpamitan kepada ibunya untuk mencari ayah kandungnya di Kerajaan Amarta.",1
"Patih Sangkuni menipu Bambang Gandawardaya dengan mengatakan bahwa ayah kandungnya adalah Prabu Duryudana, padahal sebenarnya Raden Premadi adalah nama lain dari Raden Arjuna. Setelah semua kebenaran...",1
"Bagawan Wilawuk datang menjelaskan kebenaran bahwa Raden Arjuna adalah ayah dari kedua pemuda itu. Semua kesalahpahaman pun berakhir dengan damai. Di Kerajaan Hastina, Prabu Duryudana dihadap Patih Sangkuni, Danghyang...",1
"Dewi Grantangsasi bersyukur atas berakhirnya kesalahpahaman, dan kisah Gandawardaya pun menjadi pelajaran tentang kesetiaan, tipu daya, dan pengampunan. Dewi Grantangsasi, istri Raden Gandawardaya, ditinggal suaminya dan dirayu oleh Raden Lesmana Mandrakumara, namun ia menolak dan...",1
Pemrograman Python sangat menyenangkan jika dipelajari dengan sabar. Dataset ini akan digunakan untuk percobaan NLP sederhana.,0
Membaca kisah klasik bisa membantu memahami budaya dan sejarah masyarakat. Aku sedang belajar membuat dataset teks untuk pelatihan model bahasa.,0
Saya sedang menguji model klasifikasi teks menggunakan dataset buatan. Aku sedang belajar membuat dataset teks untuk pelatihan model bahasa.,0
"Prabu Kresna hadir sebagai penengah, memastikan agar Raden Gandawardaya menebus kesalahannya dengan membebaskan para Pandawa yang ditawan. Pertarungan hebat terjadi antara Raden Gandakusuma dan Raden Gandawardaya, hingga akhirnya mereka sadar bahwa keduanya...",1
Dataset ini akan digunakan untuk percobaan NLP sederhana. Hari ini cuaca sangat cerah dan langit berwarna biru.,0
Hari ini cuaca sangat cerah dan langit berwarna biru. Aku sedang belajar membuat dataset teks untuk pelatihan model bahasa.,0
"Patih Sangkuni menipu Bambang Gandawardaya dengan mengatakan bahwa ayah kandungnya adalah Prabu Duryudana, padahal sebenarnya Raden Premadi adalah nama lain dari Raden Arjuna. Dewi Grantangsasi, istri Raden...",1
Hari ini cuaca sangat cerah dan langit berwarna biru. Model pembelajaran mesin membutuhkan data yang seimbang antara dua kelas.,0
Analisis teks dapat digunakan untuk memahami emosi dan topik dalam dokumen. Hari ini cuaca sangat cerah dan langit berwarna biru.,0
"Patih Sangkuni menipu Bambang Gandawardaya dengan mengatakan bahwa ayah kandungnya adalah Prabu Duryudana, padahal sebenarnya Raden Premadi adalah nama lain dari Raden Arjuna. Bagawan Wilawuk datang...",1
"Raden Gandakusuma, putra Arjuna dan Dewi Gandawati, berpamitan kepada ibunya untuk mencari ayah kandungnya di Kerajaan Amarta. Bagawan Wilawuk datang menjelaskan kebenaran bahwa Raden Arjuna adalah ayah dari kedua pemuda itu. Semua kesalahpahaman pun berakhir dengan damai.",1
"Dewi Grantangsasi bersyukur atas berakhirnya kesalahpahaman, dan kisah Gandawardaya pun menjadi pelajaran tentang kesetiaan, tipu daya, dan pengampunan. Raden Gandakusuma, putra Arjuna...",1
"Patih Sangkuni menipu Bambang Gandawardaya dengan mengatakan bahwa ayah kandungnya adalah Prabu Duryudana, padahal sebenarnya Raden Premadi adalah nama lain dari Raden Arjuna. Setelah semua kebenaran terungkap, Raden Arjuna memeluk...",1
"Bagawan Wilawuk datang menjelaskan kebenaran bahwa Raden Arjuna adalah ayah dari kedua pemuda itu. Semua kesalahpahaman pun berakhir dengan damai. Raden Gandakusuma, putra Arjuna dan Dewi Gandawati, berpamitan kepada ibunya untuk mencari ayah kandungnya di Kerajaan Amarta.",1
Bagawan Wilawuk datang menjelaskan kebenaran bahwa Raden Arjuna adalah ayah dari kedua pemuda itu. Semua kesalahpahaman pun berakhir dengan damai. Pertarungan hebat terjadi antara Raden...,1
"Setelah semua kebenaran terungkap, Raden Arjuna memeluk kedua putranya dan mengajak mereka tinggal di Indraprasta. Setelah semua kebenaran terungkap, Raden Arjuna memeluk kedua putranya dan mengajak mereka tinggal di Indraprasta.",1
"Dewi Grantangsasi bersyukur atas berakhirnya kesalahpahaman, dan kisah Gandawardaya pun menjadi pelajaran tentang kesetiaan, tipu daya, dan pengampunan. Bagawan Wilawuk datang menjelaskan kebenaran bahwa Raden Arjuna adalah ayah dari kedua pemuda itu. Semua kesalahpahaman pun berakhir dengan damai.",1
"Bagawan Wilawuk datang menjelaskan kebenaran bahwa Raden Arjuna adalah ayah dari kedua pemuda itu. Semua kesalahpahaman pun berakhir dengan damai. Raden Gandawardaya menyerang Kerajaan Amarta atas perintah Prabu Duryudana, dan berhasil menaklukkan Arya Wrekodara, Raden Antareja, serta Raden...",1
"Dewi Grantangsasi, istri Raden Gandawardaya, ditinggal suaminya dan dirayu oleh Raden Lesmana Mandrakumara, namun ia menolak dan menggunakan aji sirep untuk melarikan diri dari istana. Pertarungan hebat...",1
Aku sedang belajar membuat dataset teks untuk pelatihan model bahasa. Model pembelajaran mesin membutuhkan data yang seimbang antara dua kelas.,0
"Patih Sangkuni menipu Bambang Gandawardaya dengan mengatakan bahwa ayah kandungnya adalah Prabu Duryudana, padahal sebenarnya Raden Premadi adalah nama lain dari Raden Arjuna. Pertarungan hebat terjadi antara Raden Gandakusuma dan Raden Gandawardaya, hingga akhirnya mereka sadar bahwa keduanya adalah saudara seayah.",1
"Dewi Grantangsasi, istri Raden Gandawardaya, ditinggal suaminya dan dirayu oleh Raden Lesmana Mandrakumara, namun ia menolak dan menggunakan aji sirep untuk melarikan diri dari istana. Raden Gandakusuma, putra Arjuna dan Dewi...",1
Analisis teks dapat digunakan untuk memahami emosi dan topik dalam dokumen. Membaca kisah klasik bisa membantu memahami budaya dan sejarah masyarakat.,0
"Patih Sangkuni menipu Bambang Gandawardaya dengan mengatakan bahwa ayah kandungnya adalah Prabu Duryudana, padahal sebenarnya Raden Premadi adalah nama lain dari Raden Arjuna. Raden Gandawardaya menyerang Kerajaan Amarta atas perintah...",1
Saya sedang menguji model klasifikasi teks menggunakan dataset buatan. Saya sedang menguji model klasifikasi teks menggunakan dataset buatan.,0
"Prabu Kresna hadir sebagai penengah, memastikan agar Raden Gandawardaya menebus kesalahannya dengan membebaskan para Pandawa yang ditawan. Patih Sangkuni menipu Bambang...",1
"Setelah semua kebenaran terungkap, Raden Arjuna memeluk kedua putranya dan mengajak mereka tinggal di Indraprasta. Patih Sangkuni menipu Bambang Gandawardaya dengan mengatakan bahwa ayah kandungnya adalah Prabu Duryudana,...",1
Dataset ini akan digunakan untuk percobaan NLP sederhana. Pemrograman Python sangat menyenangkan jika dipelajari dengan sabar.,0
"Dewi Grantangsasi bersyukur atas berakhirnya kesalahpahaman, dan kisah Gandawardaya pun menjadi pelajaran tentang kesetiaan, tipu daya, dan pengampunan. Dewi Grantangsasi bersyukur atas berakhirnya kesalahpahaman, dan kisah Gandawardaya pun menjadi pelajaran tentang kesetiaan, tipu daya, dan pengampunan.",1
Banyak orang menyukai cerita fiksi karena mengandung nilai moral. Proyek ini bertujuan mengenali tema dalam cerita berdasarkan kata kunci.,0
Aku sedang belajar membuat dataset teks untuk pelatihan model bahasa. Proyek ini bertujuan mengenali tema dalam cerita berdasarkan kata kunci.,0
"Bagawan Wilawuk datang menjelaskan kebenaran bahwa Raden Arjuna adalah ayah dari kedua pemuda itu. Semua kesalahpahaman pun berakhir dengan damai. Pertarungan hebat terjadi antara Raden Gandakusuma dan Raden Gandawardaya, hingga...",1
Dataset ini akan digunakan untuk percobaan NLP sederhana. Dataset ini akan digunakan untuk percobaan NLP sederhana.,0
Dataset ini akan digunakan untuk percobaan NLP sederhana. Membaca kisah klasik bisa membantu memahami budaya dan sejarah masyarakat.,0
"Raden Gandawardaya menyerang Kerajaan Amarta atas perintah Prabu Duryudana, dan berhasil menaklukkan Arya Wrekodara, Raden Antareja, serta Raden Gatutkaca. Setelah semua kebenaran terungkap, Raden Arjuna memeluk kedua putranya dan mengajak...",1
"Raden Gandakusuma, putra Arjuna dan Dewi Gandawati, berpamitan kepada ibunya untuk mencari ayah kandungnya di Kerajaan Amarta. Setelah semua kebenaran terungkap, Raden Arjuna memeluk kedua putranya dan mengajak mereka tinggal di Indraprasta.",1
"Raden Gandawardaya menyerang Kerajaan Amarta atas perintah Prabu Duryudana, dan berhasil menaklukkan Arya Wrekodara, Raden Antareja, serta Raden Gatutkaca. Dewi Grantangsasi bersyukur atas berakhirnya kesalahpahaman, dan kisah Gandawardaya pun menjadi pelajaran tentang kesetiaan, tipu daya, dan pengampunan.",1
"Prabu Kresna hadir sebagai penengah, memastikan agar Raden Gandawardaya menebus kesalahannya dengan membebaskan para Pandawa yang ditawan. Setelah semua kebenaran terungkap, Raden Arjuna memeluk kedua putranya dan mengajak mereka tinggal di Indraprasta.",1
Dataset ini akan digunakan untuk percobaan NLP sederhana. Membaca kisah klasik bisa membantu memahami budaya dan sejarah masyarakat.,0
Membaca kisah klasik bisa membantu memahami budaya dan sejarah masyarakat. Pemrograman Python sangat menyenangkan jika dipelajari dengan sabar.,0
Analisis teks dapat digunakan untuk memahami emosi dan topik dalam dokumen. Model pembelajaran mesin membutuhkan data yang seimbang antara dua kelas.,0
Banyak orang menyukai cerita fiksi karena mengandung nilai moral. Saya sedang menguji model klasifikasi teks menggunakan dataset buatan.,0
"Patih Sangkuni menipu Bambang Gandawardaya dengan mengatakan bahwa ayah kandungnya adalah Prabu Duryudana, padahal sebenarnya Raden Premadi adalah nama lain dari Raden Arjuna. Bagawan Wilawuk datang menjelaskan kebenaran bahwa Raden Arjuna adalah...",1
Saya sedang menguji model klasifikasi teks menggunakan dataset buatan. Model pembelajaran mesin membutuhkan data yang seimbang antara dua kelas.,0
"Pertarungan hebat terjadi antara Raden Gandakusuma dan Raden Gandawardaya, hingga akhirnya mereka sadar bahwa keduanya adalah saudara seayah. Raden Gandakusuma, putra Arjuna dan Dewi Gandawati, berpamitan kepada ibunya untuk mencari ayah...",1
Saya sedang menguji model klasifikasi teks menggunakan dataset buatan. Saya sedang menguji model klasifikasi teks menggunakan dataset buatan.,0
"Patih Sangkuni menipu Bambang Gandawardaya dengan mengatakan bahwa ayah kandungnya adalah Prabu Duryudana, padahal sebenarnya Raden Premadi adalah nama lain dari Raden Arjuna. Setelah semua kebenaran terungkap, Raden Arjuna...",1
Dataset ini akan digunakan untuk percobaan NLP sederhana. Model pembelajaran mesin membutuhkan data yang seimbang antara dua kelas.,0
Membaca kisah klasik bisa membantu memahami budaya dan sejarah masyarakat. Aku sedang belajar membuat dataset teks untuk pelatihan model bahasa.,0
Pemrograman Python sangat menyenangkan jika dipelajari dengan sabar. Banyak orang menyukai cerita fiksi karena mengandung nilai moral.,0
Model pembelajaran mesin membutuhkan data yang seimbang antara dua kelas. Dataset ini akan digunakan untuk percobaan NLP sederhana.,0
Model pembelajaran mesin membutuhkan data yang seimbang antara dua kelas. Banyak orang menyukai cerita fiksi karena mengandung nilai moral.,0
Membaca kisah klasik bisa membantu memahami budaya dan sejarah masyarakat. Membaca kisah klasik bisa membantu memahami budaya dan sejarah masyarakat.,0
Model pembelajaran mesin membutuhkan data yang seimbang antara dua kelas. Saya sedang menguji model klasifikasi teks menggunakan dataset buatan.,0
"Dewi Grantangsasi, istri Raden Gandawardaya, ditinggal suaminya dan dirayu oleh Raden Lesmana Mandrakumara, namun ia menolak dan menggunakan aji sirep untuk melarikan diri dari...",1
"Pertarungan hebat terjadi antara Raden Gandakusuma dan Raden Gandawardaya, hingga akhirnya mereka sadar bahwa keduanya adalah saudara seayah. Raden Gandakusuma, putra Arjuna dan Dewi Gandawati, berpamitan kepada ibunya untuk...",1
"Bagawan Wilawuk datang menjelaskan kebenaran bahwa Raden Arjuna adalah ayah dari kedua pemuda itu. Semua kesalahpahaman pun berakhir dengan damai. Pertarungan hebat terjadi antara Raden Gandakusuma dan Raden Gandawardaya, hingga akhirnya mereka sadar bahwa keduanya adalah saudara seayah.",1
Pemrograman Python sangat menyenangkan jika dipelajari dengan sabar. Saya sedang menguji model klasifikasi teks menggunakan dataset buatan.,0
"Bagawan Wilawuk datang menjelaskan kebenaran bahwa Raden Arjuna adalah ayah dari kedua pemuda itu. Semua kesalahpahaman pun berakhir dengan damai. Raden Gandawardaya menyerang Kerajaan Amarta atas perintah Prabu Duryudana, dan berhasil menaklukkan Arya Wrekodara, Raden Antareja, serta Raden...",1
"Raden Gandakusuma, putra Arjuna dan Dewi Gandawati, berpamitan kepada ibunya untuk mencari ayah kandungnya di Kerajaan Amarta. Pertarungan hebat terjadi antara Raden Gandakusuma dan Raden Gandawardaya, hingga akhirnya...",1
Membaca kisah klasik bisa membantu memahami budaya dan sejarah masyarakat. Saya sedang menguji model klasifikasi teks menggunakan dataset buatan.,0
"Raden Gandakusuma, putra Arjuna dan Dewi Gandawati, berpamitan kepada ibunya untuk mencari ayah kandungnya di Kerajaan Amarta. Patih Sangkuni menipu Bambang Gandawardaya dengan mengatakan bahwa ayah kandungnya adalah Prabu...",1
Model pembelajaran mesin membutuhkan data yang seimbang antara dua kelas. Saya sedang menguji model klasifikasi teks menggunakan dataset buatan.,0
"Dewi Grantangsasi bersyukur atas berakhirnya kesalahpahaman, dan kisah Gandawardaya pun menjadi pelajaran tentang kesetiaan, tipu daya, dan pengampunan. Patih Sangkuni menipu Bambang Gandawardaya dengan mengatakan bahwa ayah kandungnya adalah Prabu Duryudana, padahal sebenarnya Raden Premadi adalah nama lain dari Raden...",1
"Dewi Grantangsasi bersyukur atas berakhirnya kesalahpahaman, dan kisah Gandawardaya pun menjadi pelajaran tentang kesetiaan, tipu daya, dan pengampunan. Setelah semua kebenaran terungkap, Raden Arjuna...",1
Model pembelajaran mesin membutuhkan data yang seimbang antara dua kelas. Banyak orang menyukai cerita fiksi karena mengandung nilai moral.,0
"Raden Gandawardaya menyerang Kerajaan Amarta atas perintah Prabu Duryudana, dan berhasil menaklukkan Arya Wrekodara, Raden Antareja, serta Raden Gatutkaca. Raden Gandakusuma, putra Arjuna dan Dewi Gandawati, berpamitan...",1
"Pertarungan hebat terjadi antara Raden Gandakusuma dan Raden Gandawardaya, hingga akhirnya mereka sadar bahwa keduanya adalah saudara seayah. Raden Gandawardaya menyerang Kerajaan Amarta atas perintah Prabu Duryudana, dan berhasil menaklukkan Arya Wrekodara, Raden Antareja, serta Raden Gatutkaca.",1
"Raden Gandakusuma, putra Arjuna dan Dewi Gandawati, berpamitan kepada ibunya untuk mencari ayah kandungnya di Kerajaan Amarta. Di Kerajaan Hastina, Prabu Duryudana dihadap Patih Sangkuni, Danghyang Druna, dan Adipati Karna. Patih Sangkuni melaporkan tentang seorang pemuda bernama Bambang...",1
Banyak orang menyukai cerita fiksi karena mengandung nilai moral. Dataset ini akan digunakan untuk percobaan NLP sederhana.,0
Membaca kisah klasik bisa membantu memahami budaya dan sejarah masyarakat. Membaca kisah klasik bisa membantu memahami budaya dan sejarah masyarakat.,0
"Prabu Kresna hadir sebagai penengah, memastikan agar Raden Gandawardaya menebus kesalahannya dengan membebaskan para Pandawa yang ditawan. Prabu Kresna hadir sebagai penengah,...",1
Saya sedang menguji model klasifikasi teks menggunakan dataset buatan. Membaca kisah klasik bisa membantu memahami budaya dan sejarah masyarakat.,0
"Raden Gandawardaya menyerang Kerajaan Amarta atas perintah Prabu Duryudana, dan berhasil menaklukkan Arya Wrekodara, Raden Antareja, serta Raden Gatutkaca. Di Kerajaan Hastina, Prabu Duryudana dihadap Patih Sangkuni, Danghyang Druna, dan...",1
Model pembelajaran mesin membutuhkan data yang seimbang antara dua kelas. Model pembelajaran mesin membutuhkan data yang seimbang antara dua kelas.,0
"Raden Gandakusuma, putra Arjuna dan Dewi Gandawati, berpamitan kepada ibunya untuk mencari ayah kandungnya di Kerajaan Amarta. Prabu Kresna hadir sebagai penengah, memastikan agar Raden Gandawardaya menebus kesalahannya dengan membebaskan para Pandawa yang...",1
"Bagawan Wilawuk datang menjelaskan kebenaran bahwa Raden Arjuna adalah ayah dari kedua pemuda itu. Semua kesalahpahaman pun berakhir dengan damai. Dewi Grantangsasi bersyukur atas berakhirnya kesalahpahaman, dan...",1
"Patih Sangkuni menipu Bambang Gandawardaya dengan mengatakan bahwa ayah kandungnya adalah Prabu Duryudana, padahal sebenarnya Raden Premadi adalah nama lain dari Raden Arjuna. Dewi Grantangsasi, istri Raden Gandawardaya, ditinggal suaminya dan...",1
"Pertarungan hebat terjadi antara Raden Gandakusuma dan Raden Gandawardaya, hingga akhirnya mereka sadar bahwa keduanya adalah saudara seayah. Dewi Grantangsasi, istri Raden Gandawardaya, ditinggal suaminya dan dirayu oleh Raden Lesmana...",1
"Patih Sangkuni menipu Bambang Gandawardaya dengan mengatakan bahwa ayah kandungnya adalah Prabu Duryudana, padahal sebenarnya Raden Premadi adalah nama lain dari Raden Arjuna. Bagawan Wilawuk datang menjelaskan kebenaran bahwa Raden Arjuna adalah ayah dari kedua pemuda itu....",1
"Raden Gandakusuma, putra Arjuna dan Dewi Gandawati, berpamitan kepada ibunya untuk mencari ayah kandungnya di Kerajaan Amarta. Di Kerajaan Hastina, Prabu Duryudana dihadap Patih Sangkuni, Danghyang Druna, dan Adipati Karna. Patih Sangkuni melaporkan tentang seorang pemuda bernama Bambang...",1
"Raden Gandakusuma, putra Arjuna dan Dewi Gandawati, berpamitan kepada ibunya untuk mencari ayah kandungnya di Kerajaan Amarta. Prabu Kresna hadir sebagai penengah, memastikan agar Raden Gandawardaya menebus kesalahannya dengan membebaskan para Pandawa yang ditawan.",1
"Dewi Grantangsasi, istri Raden Gandawardaya, ditinggal suaminya dan dirayu oleh Raden Lesmana Mandrakumara, namun ia menolak dan menggunakan aji sirep untuk melarikan diri dari istana. Raden Gandakusuma, putra Arjuna dan Dewi Gandawati, berpamitan kepada ibunya untuk mencari ayah kandungnya di Kerajaan Amarta.",1
"Dewi Grantangsasi bersyukur atas berakhirnya kesalahpahaman, dan kisah Gandawardaya pun menjadi pelajaran tentang kesetiaan, tipu daya, dan pengampunan. Pertarungan hebat terjadi antara Raden...",1
Analisis teks dapat digunakan untuk memahami emosi dan topik dalam dokumen. Proyek ini bertujuan mengenali tema dalam cerita berdasarkan kata kunci.,0
Analisis teks dapat digunakan untuk memahami emosi dan topik dalam dokumen. Model pembelajaran mesin membutuhkan data yang seimbang antara dua kelas.,0
Aku sedang belajar membuat dataset teks untuk pelatihan model bahasa. Aku sedang belajar membuat dataset teks untuk pelatihan model bahasa.,0
Model pembelajaran mesin membutuhkan data yang seimbang antara dua kelas. Analisis teks dapat digunakan untuk memahami emosi dan topik dalam dokumen.,0
"Patih Sangkuni menipu Bambang Gandawardaya dengan mengatakan bahwa ayah kandungnya adalah Prabu Duryudana, padahal sebenarnya Raden Premadi adalah nama lain dari Raden Arjuna. Setelah semua kebenaran terungkap, Raden Arjuna memeluk...",1
Model pembelajaran mesin membutuhkan data yang seimbang antara dua kelas. Proyek ini bertujuan mengenali tema dalam cerita berdasarkan kata kunci.,0
"Bagawan Wilawuk datang menjelaskan kebenaran bahwa Raden Arjuna adalah ayah dari kedua pemuda itu. Semua kesalahpahaman pun berakhir dengan damai. Prabu Kresna hadir sebagai penengah, memastikan agar Raden Gandawardaya menebus kesalahannya dengan membebaskan para Pandawa yang ditawan.",1
Hari ini cuaca sangat cerah dan langit berwarna biru. Saya sedang menguji model klasifikasi teks menggunakan dataset buatan.,0
Aku sedang belajar membuat dataset teks untuk pelatihan model bahasa. Saya sedang menguji model klasifikasi teks menggunakan dataset buatan.,0
"Di Kerajaan Hastina, Prabu Duryudana dihadap Patih Sangkuni, Danghyang Druna, dan Adipati Karna. Patih Sangkuni melaporkan tentang seorang pemuda bernama Bambang Gandawardaya yang sangat sakti. Raden Gandakusuma, putra Arjuna dan Dewi Gandawati, berpamitan kepada ibunya untuk mencari ayah kandungnya di...",1
Aku sedang belajar membuat dataset teks untuk pelatihan model bahasa. Dataset ini akan digunakan untuk percobaan NLP sederhana.,0
Membaca kisah klasik bisa membantu memahami budaya dan sejarah masyarakat. Hari ini cuaca sangat cerah dan langit berwarna biru.,0
Proyek ini bertujuan mengenali tema dalam cerita berdasarkan kata kunci. Proyek ini bertujuan mengenali tema dalam cerita berdasarkan kata kunci.,0
Aku sedang belajar membuat dataset teks untuk pelatihan model bahasa. Membaca kisah klasik bisa membantu memahami budaya dan sejarah masyarakat.,0
Membaca kisah klasik bisa membantu memahami budaya dan sejarah masyarakat. Dataset ini akan digunakan untuk percobaan NLP sederhana.,0
Membaca kisah klasik bisa membantu memahami budaya dan sejarah masyarakat. Dataset ini akan digunakan untuk percobaan NLP sederhana.,0
Analisis teks dapat digunakan untuk memahami emosi dan topik dalam dokumen. Analisis teks dapat digunakan untuk memahami emosi dan topik dalam dokumen.,0
Banyak orang menyukai cerita fiksi karena mengandung nilai moral. Model pembelajaran mesin membutuhkan data yang seimbang antara dua kelas.,0
"Dewi Grantangsasi bersyukur atas berakhirnya kesalahpahaman, dan kisah Gandawardaya pun menjadi pelajaran tentang kesetiaan, tipu daya, dan pengampunan. Dewi Grantangsasi, istri Raden Gandawardaya, ditinggal suaminya dan dirayu oleh Raden Lesmana Mandrakumara, namun ia menolak dan menggunakan aji sirep untuk melarikan diri...",1
"Patih Sangkuni menipu Bambang Gandawardaya dengan mengatakan bahwa ayah kandungnya adalah Prabu Duryudana, padahal sebenarnya Raden Premadi adalah nama lain dari Raden Arjuna. Raden Gandawardaya menyerang Kerajaan Amarta atas perintah Prabu Duryudana, dan berhasil menaklukkan Arya Wrekodara, Raden Antareja, serta...",1
"Raden Gandawardaya menyerang Kerajaan Amarta atas perintah Prabu Duryudana, dan berhasil menaklukkan Arya Wrekodara, Raden Antareja, serta Raden Gatutkaca. Bagawan Wilawuk datang menjelaskan kebenaran bahwa Raden Arjuna adalah ayah dari kedua pemuda itu. Semua kesalahpahaman pun berakhir dengan damai.",1
"Raden Gandakusuma, putra Arjuna dan Dewi Gandawati, berpamitan kepada ibunya untuk mencari ayah kandungnya di Kerajaan Amarta. Patih Sangkuni menipu Bambang Gandawardaya dengan mengatakan bahwa ayah kandungnya adalah Prabu Duryudana, padahal...",1
Membaca kisah klasik bisa membantu memahami budaya dan sejarah masyarakat. Aku sedang belajar membuat dataset teks untuk pelatihan model bahasa.,0
Aku sedang belajar membuat dataset teks untuk pelatihan model bahasa. Analisis teks dapat digunakan untuk memahami emosi dan topik dalam dokumen.,0
"Dewi Grantangsasi bersyukur atas berakhirnya kesalahpahaman, dan kisah Gandawardaya pun menjadi pelajaran tentang kesetiaan, tipu daya, dan pengampunan. Setelah semua kebenaran...",1
"Setelah semua kebenaran terungkap, Raden Arjuna memeluk kedua putranya dan mengajak mereka tinggal di Indraprasta. Di Kerajaan Hastina, Prabu Duryudana dihadap Patih Sangkuni, Danghyang Druna, dan Adipati Karna. Patih Sangkuni melaporkan tentang seorang...",1
"Prabu Kresna hadir sebagai penengah, memastikan agar Raden Gandawardaya menebus kesalahannya dengan membebaskan para Pandawa yang ditawan. Dewi Grantangsasi, istri Raden Gandawardaya, ditinggal...",1
Analisis teks dapat digunakan untuk memahami emosi dan topik dalam dokumen. Model pembelajaran mesin membutuhkan data yang seimbang antara dua kelas.,0
"Di Kerajaan Hastina, Prabu Duryudana dihadap Patih Sangkuni, Danghyang Druna, dan Adipati Karna. Patih Sangkuni melaporkan tentang seorang pemuda bernama Bambang Gandawardaya yang sangat sakti. Setelah semua kebenaran terungkap, Raden Arjuna memeluk kedua putranya dan mengajak mereka tinggal di Indraprasta.",1
Analisis teks dapat digunakan untuk memahami emosi dan topik dalam dokumen. Dataset ini akan digunakan untuk percobaan NLP sederhana.,0
Pemrograman Python sangat menyenangkan jika dipelajari dengan sabar. Aku sedang belajar membuat dataset teks untuk pelatihan model bahasa.,0
"Setelah semua kebenaran terungkap, Raden Arjuna memeluk kedua putranya dan mengajak mereka tinggal di Indraprasta. Prabu Kresna hadir sebagai penengah, memastikan agar Raden Gandawardaya menebus kesalahannya...",1
"Pertarungan hebat terjadi antara Raden Gandakusuma dan Raden Gandawardaya, hingga akhirnya mereka sadar bahwa keduanya adalah saudara seayah. Di Kerajaan Hastina, Prabu Duryudana dihadap Patih Sangkuni, Danghyang Druna, dan Adipati...",1
"Dewi Grantangsasi bersyukur atas berakhirnya kesalahpahaman, dan kisah Gandawardaya pun menjadi pelajaran tentang kesetiaan, tipu daya, dan pengampunan. Pertarungan hebat terjadi antara Raden Gandakusuma dan Raden Gandawardaya, hingga akhirnya mereka sadar bahwa keduanya adalah saudara seayah.",1
"Dewi Grantangsasi, istri Raden Gandawardaya, ditinggal suaminya dan dirayu oleh Raden Lesmana Mandrakumara, namun ia menolak dan menggunakan aji sirep untuk melarikan diri dari...",1
Proyek ini bertujuan mengenali tema dalam cerita berdasarkan kata kunci. Proyek ini bertujuan mengenali tema dalam cerita berdasarkan kata kunci.,0
"Dewi Grantangsasi bersyukur atas berakhirnya kesalahpahaman, dan kisah Gandawardaya pun menjadi pelajaran tentang kesetiaan, tipu daya, dan pengampunan. Setelah semua kebenaran terungkap,...",1
Aku sedang belajar membuat dataset teks untuk pelatihan model bahasa. Saya sedang menguji model klasifikasi teks menggunakan dataset buatan.,0
Aku sedang belajar membuat dataset teks untuk pelatihan model bahasa. Analisis teks dapat digunakan untuk memahami emosi dan topik dalam dokumen.,0
Pemrograman Python sangat menyenangkan jika dipelajari dengan sabar. Aku sedang belajar membuat dataset teks untuk pelatihan model bahasa.,0
"Pertarungan hebat terjadi antara Raden Gandakusuma dan Raden Gandawardaya, hingga akhirnya mereka sadar bahwa keduanya adalah saudara seayah. Di Kerajaan Hastina, Prabu Duryudana dihadap Patih Sangkuni, Danghyang Druna, dan Adipati Karna. Patih Sangkuni melaporkan tentang seorang pemuda bernama Bambang Gandawardaya yang...",1
"Dewi Grantangsasi bersyukur atas berakhirnya kesalahpahaman, dan kisah Gandawardaya pun menjadi pelajaran tentang kesetiaan, tipu daya, dan pengampunan. Patih Sangkuni menipu Bambang Gandawardaya dengan mengatakan bahwa ayah kandungnya adalah Prabu Duryudana, padahal sebenarnya Raden Premadi...",1
"Dewi Grantangsasi, istri Raden Gandawardaya, ditinggal suaminya dan dirayu oleh Raden Lesmana Mandrakumara, namun ia menolak dan menggunakan aji sirep untuk melarikan diri dari istana. Dewi Grantangsasi, istri Raden Gandawardaya, ditinggal suaminya dan dirayu oleh Raden Lesmana Mandrakumara, namun...",1
Hari ini cuaca sangat cerah dan langit berwarna biru. Analisis teks dapat digunakan untuk memahami emosi dan topik dalam dokumen.,0
"Prabu Kresna hadir sebagai penengah, memastikan agar Raden Gandawardaya menebus kesalahannya dengan membebaskan para Pandawa yang ditawan. Raden Gandawardaya menyerang Kerajaan Amarta atas perintah Prabu Duryudana, dan berhasil menaklukkan Arya Wrekodara, Raden Antareja, serta Raden...",1
Saya sedang menguji model klasifikasi teks menggunakan dataset buatan. Dataset ini akan digunakan untuk percobaan NLP sederhana.,0
Model pembelajaran mesin membutuhkan data yang seimbang antara dua kelas. Membaca kisah klasik bisa membantu memahami budaya dan sejarah masyarakat.,0
Analisis teks dapat digunakan untuk memahami emosi dan topik dalam dokumen. Pemrograman Python sangat menyenangkan jika dipelajari dengan sabar.,0
"Dewi Grantangsasi, istri Raden Gandawardaya, ditinggal suaminya dan dirayu oleh Raden Lesmana Mandrakumara, namun ia menolak dan menggunakan aji sirep untuk melarikan diri dari istana. Bagawan Wilawuk datang menjelaskan kebenaran bahwa Raden Arjuna adalah ayah dari kedua pemuda itu. Semua kesalahpahaman pun berakhir dengan damai.",1
Hari ini cuaca sangat cerah dan langit berwarna biru. Aku sedang belajar membuat dataset teks untuk pelatihan model bahasa.,0
Hari ini cuaca sangat cerah dan langit berwarna biru. Model pembelajaran mesin membutuhkan data yang seimbang antara dua kelas.,0
"Raden Gandakusuma, putra Arjuna dan Dewi Gandawati, berpamitan kepada ibunya untuk mencari ayah kandungnya di Kerajaan Amarta. Raden Gandakusuma, putra Arjuna dan Dewi Gandawati, berpamitan kepada ibunya untuk mencari ayah kandungnya di Kerajaan Amarta.",1
"Dewi Grantangsasi bersyukur atas berakhirnya kesalahpahaman, dan kisah Gandawardaya pun menjadi pelajaran tentang kesetiaan, tipu daya, dan pengampunan. Setelah semua kebenaran...",1
"Bagawan Wilawuk datang menjelaskan kebenaran bahwa Raden Arjuna adalah ayah dari kedua pemuda itu. Semua kesalahpahaman pun berakhir dengan damai. Dewi Grantangsasi bersyukur atas berakhirnya kesalahpahaman, dan kisah Gandawardaya pun menjadi pelajaran tentang kesetiaan, tipu daya, dan pengampunan.",1
"Di Kerajaan Hastina, Prabu Duryudana dihadap Patih Sangkuni, Danghyang Druna, dan Adipati Karna. Patih Sangkuni melaporkan tentang seorang pemuda bernama Bambang Gandawardaya yang sangat sakti. Setelah semua...",1
"Dewi Grantangsasi bersyukur atas berakhirnya kesalahpahaman, dan kisah Gandawardaya pun menjadi pelajaran tentang kesetiaan, tipu daya, dan pengampunan. Dewi Grantangsasi bersyukur atas berakhirnya kesalahpahaman, dan kisah Gandawardaya pun menjadi pelajaran tentang...",1
Membaca kisah klasik bisa membantu memahami budaya dan sejarah masyarakat. Dataset ini akan digunakan untuk percobaan NLP sederhana.,0
Pemrograman Python sangat menyenangkan jika dipelajari dengan sabar. Banyak orang menyukai cerita fiksi karena mengandung nilai moral.,0
Pemrograman Python sangat menyenangkan jika dipelajari dengan sabar. Model pembelajaran mesin membutuhkan data yang seimbang antara dua kelas.,0
"Pertarungan hebat terjadi antara Raden Gandakusuma dan Raden Gandawardaya, hingga akhirnya mereka sadar bahwa keduanya adalah saudara seayah. Patih Sangkuni menipu Bambang Gandawardaya dengan mengatakan bahwa ayah kandungnya adalah Prabu Duryudana,...",1
Analisis teks dapat digunakan untuk memahami emosi dan topik dalam dokumen. Banyak orang menyukai cerita fiksi karena mengandung nilai moral.,0
Hari ini cuaca sangat cerah dan langit berwarna biru. Analisis teks dapat digunakan untuk memahami emosi dan topik dalam dokumen.,0
Pemrograman Python sangat menyenangkan jika dipelajari dengan sabar. Banyak orang menyukai cerita fiksi karena mengandung nilai moral.,0
"Setelah semua kebenaran terungkap, Raden Arjuna memeluk kedua putranya dan mengajak mereka tinggal di Indraprasta. Dewi Grantangsasi, istri Raden Gandawardaya, ditinggal suaminya dan dirayu oleh Raden Lesmana Mandrakumara, namun ia menolak dan menggunakan aji sirep untuk melarikan diri dari istana.",1
"Dewi Grantangsasi bersyukur atas berakhirnya kesalahpahaman, dan kisah Gandawardaya pun menjadi pelajaran tentang kesetiaan, tipu daya, dan pengampunan. Dewi Grantangsasi bersyukur atas berakhirnya kesalahpahaman, dan kisah...",1
"Raden Gandawardaya menyerang Kerajaan Amarta atas perintah Prabu Duryudana, dan berhasil menaklukkan Arya Wrekodara, Raden Antareja, serta Raden Gatutkaca. Setelah semua kebenaran terungkap, Raden Arjuna memeluk kedua putranya dan mengajak mereka tinggal di Indraprasta.",1
"Prabu Kresna hadir sebagai penengah, memastikan agar Raden Gandawardaya menebus kesalahannya dengan membebaskan para Pandawa yang ditawan. Raden Gandawardaya menyerang Kerajaan Amarta atas perintah Prabu Duryudana, dan berhasil menaklukkan Arya Wrekodara, Raden Antareja, serta Raden Gatutkaca.",1
Aku sedang belajar membuat dataset teks untuk pelatihan model bahasa. Analisis teks dapat digunakan untuk memahami emosi dan topik dalam dokumen.,0
"Setelah semua kebenaran terungkap, Raden Arjuna memeluk kedua putranya dan mengajak mereka tinggal di Indraprasta. Bagawan Wilawuk datang menjelaskan kebenaran bahwa Raden Arjuna adalah ayah dari kedua pemuda itu. Semua kesalahpahaman pun berakhir dengan damai.",1
Model pembelajaran mesin membutuhkan data yang seimbang antara dua kelas. Model pembelajaran mesin membutuhkan data yang seimbang antara dua kelas.,0
Analisis teks dapat digunakan untuk memahami emosi dan topik dalam dokumen. Aku sedang belajar membuat dataset teks untuk pelatihan model bahasa.,0
"Dewi Grantangsasi, istri Raden Gandawardaya, ditinggal suaminya dan dirayu oleh Raden Lesmana Mandrakumara, namun ia menolak dan menggunakan aji sirep untuk melarikan diri dari istana. Bagawan Wilawuk datang menjelaskan kebenaran bahwa Raden Arjuna adalah ayah dari kedua pemuda itu. Semua...",1
"Dewi Grantangsasi, istri Raden Gandawardaya, ditinggal suaminya dan dirayu oleh Raden Lesmana Mandrakumara, namun ia menolak dan menggunakan aji sirep untuk melarikan diri dari istana. Raden Gandakusuma, putra Arjuna dan Dewi Gandawati, berpamitan kepada ibunya untuk mencari ayah kandungnya di Kerajaan...",1
"Prabu Kresna hadir sebagai penengah, memastikan agar Raden Gandawardaya menebus kesalahannya dengan membebaskan para Pandawa yang ditawan. Dewi Grantangsasi, istri Raden Gandawardaya, ditinggal suaminya dan dirayu oleh Raden Lesmana Mandrakumara, namun ia menolak dan menggunakan aji sirep untuk melarikan diri dari...",1
Hari ini cuaca sangat cerah dan langit berwarna biru. Pemrograman Python sangat menyenangkan jika dipelajari dengan sabar.,0
Pemrograman Python sangat menyenangkan jika dipelajari dengan sabar. Aku sedang belajar membuat dataset teks untuk pelatihan model bahasa.,0
"Prabu Kresna hadir sebagai penengah, memastikan agar Raden Gandawardaya menebus kesalahannya dengan membebaskan para Pandawa yang ditawan. Setelah semua kebenaran terungkap, Raden Arjuna memeluk kedua putranya dan mengajak mereka tinggal di Indraprasta.",1
"Pertarungan hebat terjadi antara Raden Gandakusuma dan Raden Gandawardaya, hingga akhirnya mereka sadar bahwa keduanya adalah saudara seayah. Prabu Kresna hadir sebagai penengah, memastikan agar Raden Gandawardaya menebus kesalahannya dengan...",1
Proyek ini bertujuan mengenali tema dalam cerita berdasarkan kata kunci. Hari ini cuaca sangat cerah dan langit berwarna biru.,0
Dataset ini akan digunakan untuk percobaan NLP sederhana. Banyak orang menyukai cerita fiksi karena mengandung nilai moral.,0
"Bagawan Wilawuk datang menjelaskan kebenaran bahwa Raden Arjuna adalah ayah dari kedua pemuda itu. Semua kesalahpahaman pun berakhir dengan damai. Raden Gandakusuma, putra Arjuna dan Dewi Gandawati, berpamitan kepada ibunya untuk mencari ayah kandungnya di Kerajaan Amarta.",1
Model pembelajaran mesin membutuhkan data yang seimbang antara dua kelas. Model pembelajaran mesin membutuhkan data yang seimbang antara dua kelas.,0
Proyek ini bertujuan mengenali tema dalam cerita berdasarkan kata kunci. Membaca kisah klasik bisa membantu memahami budaya dan sejarah masyarakat.,0
Saya sedang menguji model klasifikasi teks menggunakan dataset buatan. Banyak orang menyukai cerita fiksi karena mengandung nilai moral.,0
Model pembelajaran mesin membutuhkan data yang seimbang antara dua kelas. Hari ini cuaca sangat cerah dan langit berwarna biru.,0
Membaca kisah klasik bisa membantu memahami budaya dan sejarah masyarakat. Analisis teks dapat digunakan untuk memahami emosi dan topik dalam dokumen.,0
"Bagawan Wilawuk datang menjelaskan kebenaran bahwa Raden Arjuna adalah ayah dari kedua pemuda itu. Semua kesalahpahaman pun berakhir dengan damai. Dewi Grantangsasi bersyukur atas berakhirnya kesalahpahaman, dan kisah...",1
"Patih Sangkuni menipu Bambang Gandawardaya dengan mengatakan bahwa ayah kandungnya adalah Prabu Duryudana, padahal sebenarnya Raden Premadi adalah nama lain dari Raden Arjuna. Raden Gandakusuma, putra Arjuna dan Dewi...",1
"Bagawan Wilawuk datang menjelaskan kebenaran bahwa Raden Arjuna adalah ayah dari kedua pemuda itu. Semua kesalahpahaman pun berakhir dengan damai. Prabu Kresna hadir sebagai penengah, memastikan...",1
"Setelah semua kebenaran terungkap, Raden Arjuna memeluk kedua putranya dan mengajak mereka tinggal di Indraprasta. Bagawan Wilawuk datang menjelaskan kebenaran bahwa Raden Arjuna adalah ayah dari kedua pemuda itu. Semua kesalahpahaman pun berakhir dengan damai.",1
"Prabu Kresna hadir sebagai penengah, memastikan agar Raden Gandawardaya menebus kesalahannya dengan membebaskan para Pandawa yang ditawan. Raden Gandawardaya menyerang Kerajaan Amarta atas perintah Prabu Duryudana, dan berhasil menaklukkan Arya...",1
Aku sedang belajar membuat dataset teks untuk pelatihan model bahasa. Saya sedang menguji model klasifikasi teks menggunakan dataset buatan.,0
"Bagawan Wilawuk datang menjelaskan kebenaran bahwa Raden Arjuna adalah ayah dari kedua pemuda itu. Semua kesalahpahaman pun berakhir dengan damai. Dewi Grantangsasi bersyukur atas berakhirnya kesalahpahaman, dan kisah...",1
Dataset ini akan digunakan untuk percobaan NLP sederhana. Dataset ini akan digunakan untuk percobaan NLP sederhana.,0
"Bagawan Wilawuk datang menjelaskan kebenaran bahwa Raden Arjuna adalah ayah dari kedua pemuda itu. Semua kesalahpahaman pun berakhir dengan damai. Raden Gandawardaya menyerang Kerajaan Amarta atas perintah Prabu Duryudana, dan berhasil menaklukkan Arya Wrekodara, Raden Antareja, serta Raden Gatutkaca.",1
Membaca kisah klasik bisa membantu memahami budaya dan sejarah masyarakat. Membaca kisah klasik bisa membantu memahami budaya dan sejarah masyarakat.,0
Pemrograman Python sangat menyenangkan jika dipelajari dengan sabar. Membaca kisah klasik bisa membantu memahami budaya dan sejarah masyarakat.,0
Pemrograman Python sangat menyenangkan jika dipelajari dengan sabar. Proyek ini bertujuan mengenali tema dalam cerita berdasarkan kata kunci.,0
Aku sedang belajar membuat dataset teks untuk pelatihan model bahasa. Membaca kisah klasik bisa membantu memahami budaya dan sejarah masyarakat.,0
Aku sedang belajar membuat dataset teks untuk pelatihan model bahasa. Proyek ini bertujuan mengenali tema dalam cerita berdasarkan kata kunci.,0
"Raden Gandawardaya menyerang Kerajaan Amarta atas perintah Prabu Duryudana, dan berhasil menaklukkan Arya Wrekodara, Raden Antareja, serta Raden Gatutkaca. Bagawan Wilawuk...",1
"Dewi Grantangsasi, istri Raden Gandawardaya, ditinggal suaminya dan dirayu oleh Raden Lesmana Mandrakumara, namun ia menolak dan menggunakan aji sirep untuk melarikan diri dari istana. Patih Sangkuni menipu Bambang Gandawardaya dengan mengatakan bahwa...",1
Aku sedang belajar membuat dataset teks untuk pelatihan model bahasa. Dataset ini akan digunakan untuk percobaan NLP sederhana.,0
Pemrograman Python sangat menyenangkan jika dipelajari dengan sabar. Model pembelajaran mesin membutuhkan data yang seimbang antara dua kelas.,0
"Bagawan Wilawuk datang menjelaskan kebenaran bahwa Raden Arjuna adalah ayah dari kedua pemuda itu. Semua kesalahpahaman pun berakhir dengan damai. Pertarungan hebat terjadi antara Raden Gandakusuma dan Raden Gandawardaya, hingga akhirnya mereka sadar bahwa keduanya adalah saudara seayah.",1
"Patih Sangkuni menipu Bambang Gandawardaya dengan mengatakan bahwa ayah kandungnya adalah Prabu Duryudana, padahal sebenarnya Raden Premadi adalah nama lain dari Raden Arjuna. Bagawan Wilawuk datang menjelaskan kebenaran bahwa Raden Arjuna adalah ayah dari kedua pemuda itu. Semua kesalahpahaman pun berakhir dengan damai.",1
"Setelah semua kebenaran terungkap, Raden Arjuna memeluk kedua putranya dan mengajak mereka tinggal di Indraprasta. Dewi Grantangsasi, istri Raden Gandawardaya, ditinggal suaminya dan dirayu oleh...",1
Pemrograman Python sangat menyenangkan jika dipelajari dengan sabar. Aku sedang belajar membuat dataset teks untuk pelatihan model bahasa.,0
"Pertarungan hebat terjadi antara Raden Gandakusuma dan Raden Gandawardaya, hingga akhirnya mereka sadar bahwa keduanya adalah saudara seayah. Setelah semua kebenaran terungkap, Raden Arjuna memeluk kedua putranya dan mengajak mereka tinggal di Indraprasta.",1
Pemrograman Python sangat menyenangkan jika dipelajari dengan sabar. Dataset ini akan digunakan untuk percobaan NLP sederhana.,0
"Dewi Grantangsasi bersyukur atas berakhirnya kesalahpahaman, dan kisah Gandawardaya pun menjadi pelajaran tentang kesetiaan, tipu daya, dan pengampunan. Dewi Grantangsasi bersyukur atas berakhirnya...",1
"Dewi Grantangsasi bersyukur atas berakhirnya kesalahpahaman, dan kisah Gandawardaya pun menjadi pelajaran tentang kesetiaan, tipu daya, dan pengampunan. Di Kerajaan Hastina, Prabu Duryudana dihadap Patih Sangkuni, Danghyang Druna, dan Adipati Karna. Patih...",1
Saya sedang menguji model klasifikasi teks menggunakan dataset buatan. Saya sedang menguji model klasifikasi teks menggunakan dataset buatan.,0
"Dewi Grantangsasi, istri Raden Gandawardaya, ditinggal suaminya dan dirayu oleh Raden Lesmana Mandrakumara, namun ia menolak dan menggunakan aji sirep untuk melarikan diri dari istana. Dewi Grantangsasi, istri Raden Gandawardaya, ditinggal suaminya dan dirayu oleh Raden Lesmana Mandrakumara, namun ia menolak dan menggunakan aji sirep untuk...",1
Analisis teks dapat digunakan untuk memahami emosi dan topik dalam dokumen. Banyak orang menyukai cerita fiksi karena mengandung nilai moral.,0
"Patih Sangkuni menipu Bambang Gandawardaya dengan mengatakan bahwa ayah kandungnya adalah Prabu Duryudana, padahal sebenarnya Raden Premadi adalah nama lain dari Raden Arjuna. Pertarungan hebat terjadi antara Raden Gandakusuma dan Raden Gandawardaya, hingga akhirnya mereka sadar bahwa keduanya adalah saudara seayah.",1
"Dewi Grantangsasi bersyukur atas berakhirnya kesalahpahaman, dan kisah Gandawardaya pun menjadi pelajaran tentang kesetiaan, tipu daya, dan pengampunan. Bagawan Wilawuk datang menjelaskan kebenaran bahwa Raden Arjuna adalah ayah...",1
"Patih Sangkuni menipu Bambang Gandawardaya dengan mengatakan bahwa ayah kandungnya adalah Prabu Duryudana, padahal sebenarnya Raden Premadi adalah nama lain dari Raden Arjuna. Dewi Grantangsasi, istri Raden Gandawardaya, ditinggal suaminya dan dirayu oleh Raden Lesmana Mandrakumara, namun ia menolak dan menggunakan aji sirep untuk...",1
"Setelah semua kebenaran terungkap, Raden Arjuna memeluk kedua putranya dan mengajak mereka tinggal di Indraprasta. Prabu Kresna hadir sebagai penengah, memastikan agar Raden Gandawardaya menebus kesalahannya dengan membebaskan para Pandawa yang ditawan.",1
"Raden Gandakusuma, putra Arjuna dan Dewi Gandawati, berpamitan kepada ibunya untuk mencari ayah kandungnya di Kerajaan Amarta. Dewi Grantangsasi bersyukur atas berakhirnya kesalahpahaman, dan kisah Gandawardaya pun menjadi pelajaran tentang kesetiaan, tipu daya, dan pengampunan.",1
"Patih Sangkuni menipu Bambang Gandawardaya dengan mengatakan bahwa ayah kandungnya adalah Prabu Duryudana, padahal sebenarnya Raden Premadi adalah nama lain dari Raden Arjuna. Raden Gandakusuma, putra Arjuna dan Dewi Gandawati,...",1
"Dewi Grantangsasi bersyukur atas berakhirnya kesalahpahaman, dan kisah Gandawardaya pun menjadi pelajaran tentang kesetiaan, tipu daya, dan pengampunan. Prabu Kresna hadir sebagai penengah, memastikan agar Raden Gandawardaya menebus kesalahannya dengan membebaskan para Pandawa yang ditawan.",1
Proyek ini bertujuan mengenali tema dalam cerita berdasarkan kata kunci. Membaca kisah klasik bisa membantu memahami budaya dan sejarah masyarakat.,0
"Pertarungan hebat terjadi antara Raden Gandakusuma dan Raden Gandawardaya, hingga akhirnya mereka sadar bahwa keduanya adalah saudara seayah. Pertarungan hebat terjadi antara Raden Gandakusuma dan Raden Gandawardaya, hingga akhirnya mereka sadar bahwa keduanya adalah saudara seayah.",1
"Raden Gandawardaya menyerang Kerajaan Amarta atas perintah Prabu Duryudana, dan berhasil menaklukkan Arya Wrekodara, Raden Antareja, serta Raden Gatutkaca. Prabu Kresna hadir sebagai penengah, memastikan agar Raden Gandawardaya menebus kesalahannya dengan membebaskan para Pandawa yang ditawan.",1
Analisis teks dapat digunakan untuk memahami emosi dan topik dalam dokumen. Analisis teks dapat digunakan untuk memahami emosi dan topik dalam dokumen.,0
"Pertarungan hebat terjadi antara Raden Gandakusuma dan Raden Gandawardaya, hingga akhirnya mereka sadar bahwa keduanya adalah saudara seayah. Raden Gandakusuma, putra Arjuna dan Dewi Gandawati, berpamitan kepada ibunya untuk mencari...",1
Aku sedang belajar membuat dataset teks untuk pelatihan model bahasa. Pemrograman Python sangat menyenangkan jika dipelajari dengan sabar.,0
"Bagawan Wilawuk datang menjelaskan kebenaran bahwa Raden Arjuna adalah ayah dari kedua pemuda itu. Semua kesalahpahaman pun berakhir dengan damai. Pertarungan hebat terjadi antara Raden Gandakusuma dan Raden Gandawardaya, hingga akhirnya mereka sadar bahwa keduanya adalah saudara...",1
Bagawan Wilawuk datang menjelaskan kebenaran bahwa Raden Arjuna adalah ayah dari kedua pemuda itu. Semua kesalahpahaman pun berakhir dengan damai. Bagawan Wilawuk datang menjelaskan kebenaran bahwa Raden Arjuna adalah ayah dari kedua pemuda itu. Semua kesalahpahaman pun berakhir dengan damai.,1
Model pembelajaran mesin membutuhkan data yang seimbang antara dua kelas. Hari ini cuaca sangat cerah dan langit berwarna biru.,0
"Setelah semua kebenaran terungkap, Raden Arjuna memeluk kedua putranya dan mengajak mereka tinggal di Indraprasta. Raden Gandakusuma, putra Arjuna dan Dewi Gandawati, berpamitan kepada ibunya untuk mencari...",1
"Setelah semua kebenaran terungkap, Raden Arjuna memeluk kedua putranya dan mengajak mereka tinggal di Indraprasta. Dewi Grantangsasi, istri Raden Gandawardaya, ditinggal suaminya dan dirayu oleh Raden Lesmana Mandrakumara, namun ia menolak dan...",1
"Raden Gandakusuma, putra Arjuna dan Dewi Gandawati, berpamitan kepada ibunya untuk mencari ayah kandungnya di Kerajaan Amarta. Di Kerajaan Hastina, Prabu Duryudana dihadap Patih Sangkuni, Danghyang Druna, dan Adipati Karna. Patih...",1
"Di Kerajaan Hastina, Prabu Duryudana dihadap Patih Sangkuni, Danghyang Druna, dan Adipati Karna. Patih Sangkuni melaporkan tentang seorang pemuda bernama Bambang Gandawardaya yang sangat sakti. Patih Sangkuni menipu...",1
Hari ini cuaca sangat cerah dan langit berwarna biru. Dataset ini akan digunakan untuk percobaan NLP sederhana.,0
"Raden Gandawardaya menyerang Kerajaan Amarta atas perintah Prabu Duryudana, dan berhasil menaklukkan Arya Wrekodara, Raden Antareja, serta Raden Gatutkaca. Raden Gandakusuma, putra Arjuna dan Dewi...",1
"Raden Gandakusuma, putra Arjuna dan Dewi Gandawati, berpamitan kepada ibunya untuk mencari ayah kandungnya di Kerajaan Amarta. Setelah semua kebenaran terungkap, Raden Arjuna memeluk kedua putranya dan mengajak mereka tinggal di Indraprasta.",1
"Prabu Kresna hadir sebagai penengah, memastikan agar Raden Gandawardaya menebus kesalahannya dengan membebaskan para Pandawa yang ditawan. Raden Gandakusuma, putra Arjuna dan Dewi Gandawati, berpamitan kepada ibunya untuk mencari ayah...",1
"Dewi Grantangsasi, istri Raden Gandawardaya, ditinggal suaminya dan dirayu oleh Raden Lesmana Mandrakumara, namun ia menolak dan menggunakan aji sirep untuk melarikan diri dari istana. Patih Sangkuni menipu Bambang Gandawardaya dengan mengatakan bahwa ayah kandungnya adalah Prabu Duryudana, padahal sebenarnya Raden Premadi...",1
Dataset ini akan digunakan untuk percobaan NLP sederhana. Dataset ini akan digunakan untuk percobaan NLP sederhana.,0
Bagawan Wilawuk datang menjelaskan kebenaran bahwa Raden Arjuna adalah ayah dari kedua pemuda itu. Semua kesalahpahaman pun berakhir dengan damai. Pertarungan hebat terjadi antara Raden Gandakusuma dan...,1
Model pembelajaran mesin membutuhkan data yang seimbang antara dua kelas. Dataset ini akan digunakan untuk percobaan NLP sederhana.,0
Aku sedang belajar membuat dataset teks untuk pelatihan model bahasa. Banyak orang menyukai cerita fiksi karena mengandung nilai moral.,0
"Raden Gandawardaya menyerang Kerajaan Amarta atas perintah Prabu Duryudana, dan berhasil menaklukkan Arya Wrekodara, Raden Antareja, serta Raden Gatutkaca. Setelah semua kebenaran terungkap, Raden...",1
"Raden Gandawardaya menyerang Kerajaan Amarta atas perintah Prabu Duryudana, dan berhasil menaklukkan Arya Wrekodara, Raden Antareja, serta Raden Gatutkaca. Dewi Grantangsasi, istri Raden...",1
"Setelah semua kebenaran terungkap, Raden Arjuna memeluk kedua putranya dan mengajak mereka tinggal di Indraprasta. Setelah semua kebenaran terungkap, Raden Arjuna memeluk kedua putranya dan mengajak mereka tinggal di Indraprasta.",1
"Setelah semua kebenaran terungkap, Raden Arjuna memeluk kedua putranya dan mengajak mereka tinggal di Indraprasta. Bagawan Wilawuk datang menjelaskan kebenaran bahwa Raden Arjuna adalah ayah dari kedua pemuda itu. Semua kesalahpahaman pun berakhir dengan damai.",1
Proyek ini bertujuan mengenali tema dalam cerita berdasarkan kata kunci. Membaca kisah klasik bisa membantu memahami budaya dan sejarah masyarakat.,0
Pemrograman Python sangat menyenangkan jika dipelajari dengan sabar. Banyak orang menyukai cerita fiksi karena mengandung nilai moral.,0
"Dewi Grantangsasi bersyukur atas berakhirnya kesalahpahaman, dan kisah Gandawardaya pun menjadi pelajaran tentang kesetiaan, tipu daya, dan pengampunan. Dewi Grantangsasi, istri Raden Gandawardaya, ditinggal suaminya dan dirayu oleh Raden Lesmana Mandrakumara,...",1
"Raden Gandawardaya menyerang Kerajaan Amarta atas perintah Prabu Duryudana, dan berhasil menaklukkan Arya Wrekodara, Raden Antareja, serta Raden Gatutkaca. Dewi Grantangsasi, istri Raden Gandawardaya, ditinggal suaminya dan dirayu oleh Raden Lesmana Mandrakumara, namun ia menolak dan menggunakan aji sirep untuk...",1
Dataset ini akan digunakan untuk percobaan NLP sederhana. Membaca kisah klasik bisa membantu memahami budaya dan sejarah masyarakat.,0
"Dewi Grantangsasi bersyukur atas berakhirnya kesalahpahaman, dan kisah Gandawardaya pun menjadi pelajaran tentang kesetiaan, tipu daya, dan pengampunan. Pertarungan hebat terjadi antara Raden Gandakusuma dan Raden Gandawardaya, hingga akhirnya mereka sadar bahwa keduanya adalah saudara seayah.",1
"Dewi Grantangsasi bersyukur atas berakhirnya kesalahpahaman, dan kisah Gandawardaya pun menjadi pelajaran tentang kesetiaan, tipu daya, dan pengampunan. Dewi Grantangsasi, istri Raden Gandawardaya, ditinggal suaminya dan dirayu oleh Raden Lesmana Mandrakumara, namun ia menolak dan menggunakan...",1
Membaca kisah klasik bisa membantu memahami budaya dan sejarah masyarakat. Hari ini cuaca sangat cerah dan langit berwarna biru.,0
Membaca kisah klasik bisa membantu memahami budaya dan sejarah masyarakat. Analisis teks dapat digunakan untuk memahami emosi dan topik dalam dokumen.,0
Saya sedang menguji model klasifikasi teks menggunakan dataset buatan. Model pembelajaran mesin membutuhkan data yang seimbang antara dua kelas.,0
Saya sedang menguji model klasifikasi teks menggunakan dataset buatan. Hari ini cuaca sangat cerah dan langit berwarna biru.,0
"Prabu Kresna hadir sebagai penengah, memastikan agar Raden Gandawardaya menebus kesalahannya dengan membebaskan para Pandawa yang ditawan. Dewi Grantangsasi, istri Raden Gandawardaya, ditinggal suaminya dan dirayu oleh Raden Lesmana Mandrakumara, namun ia menolak dan menggunakan aji sirep untuk...",1
"Setelah semua kebenaran terungkap, Raden Arjuna memeluk kedua putranya dan mengajak mereka tinggal di Indraprasta. Patih Sangkuni menipu Bambang Gandawardaya dengan mengatakan bahwa ayah kandungnya adalah Prabu Duryudana, padahal sebenarnya Raden Premadi adalah nama lain...",1
Membaca kisah klasik bisa membantu memahami budaya dan sejarah masyarakat. Saya sedang menguji model klasifikasi teks menggunakan dataset buatan.,0
Dataset ini akan digunakan untuk percobaan NLP sederhana. Saya sedang menguji model klasifikasi teks menggunakan dataset buatan.,0
Saya sedang menguji model klasifikasi teks menggunakan dataset buatan. Proyek ini bertujuan mengenali tema dalam cerita berdasarkan kata kunci.,0
Membaca kisah klasik bisa membantu memahami budaya dan sejarah masyarakat. Model pembelajaran mesin membutuhkan data yang seimbang antara dua kelas.,0
Saya sedang menguji model klasifikasi teks menggunakan dataset buatan. Aku sedang belajar membuat dataset teks untuk pelatihan model bahasa.,0
"Patih Sangkuni menipu Bambang Gandawardaya dengan mengatakan bahwa ayah kandungnya adalah Prabu Duryudana, padahal sebenarnya Raden Premadi adalah nama lain dari Raden Arjuna. Dewi Grantangsasi, istri Raden Gandawardaya, ditinggal suaminya dan dirayu oleh...",1
Pemrograman Python sangat menyenangkan jika dipelajari dengan sabar. Saya sedang menguji model klasifikasi teks menggunakan dataset buatan.,0
"Bagawan Wilawuk datang menjelaskan kebenaran bahwa Raden Arjuna adalah ayah dari kedua pemuda itu. Semua kesalahpahaman pun berakhir dengan damai. Pertarungan hebat terjadi antara Raden Gandakusuma dan Raden Gandawardaya, hingga akhirnya mereka sadar bahwa keduanya adalah saudara...",1
Pemrograman Python sangat menyenangkan jika dipelajari dengan sabar. Model pembelajaran mesin membutuhkan data yang seimbang antara dua kelas.,0
Proyek ini bertujuan mengenali tema dalam cerita berdasarkan kata kunci. Saya sedang menguji model klasifikasi teks menggunakan dataset buatan.,0
"Setelah semua kebenaran terungkap, Raden Arjuna memeluk kedua putranya dan mengajak mereka tinggal di Indraprasta. Prabu Kresna hadir sebagai penengah, memastikan agar Raden Gandawardaya menebus...",1
"Di Kerajaan Hastina, Prabu Duryudana dihadap Patih Sangkuni, Danghyang Druna, dan Adipati Karna. Patih Sangkuni melaporkan tentang seorang pemuda bernama Bambang Gandawardaya yang sangat sakti. Pertarungan hebat terjadi antara Raden Gandakusuma dan Raden Gandawardaya, hingga...",1
Dataset ini akan digunakan untuk percobaan NLP sederhana. Hari ini cuaca sangat cerah dan langit berwarna biru.,0
Dataset ini akan digunakan untuk percobaan NLP sederhana. Proyek ini bertujuan mengenali tema dalam cerita berdasarkan kata kunci.,0
Aku sedang belajar membuat dataset teks untuk pelatihan model bahasa. Membaca kisah klasik bisa membantu memahami budaya dan sejarah masyarakat.,0
Saya sedang menguji model klasifikasi teks menggunakan dataset buatan. Aku sedang belajar membuat dataset teks untuk pelatihan model bahasa.,0
"Bagawan Wilawuk datang menjelaskan kebenaran bahwa Raden Arjuna adalah ayah dari kedua pemuda itu. Semua kesalahpahaman pun berakhir dengan damai. Di Kerajaan Hastina, Prabu Duryudana dihadap Patih Sangkuni, Danghyang Druna, dan Adipati Karna. Patih Sangkuni melaporkan tentang seorang pemuda...",1
"Dewi Grantangsasi bersyukur atas berakhirnya kesalahpahaman, dan kisah Gandawardaya pun menjadi pelajaran tentang kesetiaan, tipu daya, dan pengampunan. Raden Gandawardaya menyerang Kerajaan Amarta atas perintah Prabu Duryudana, dan...",1
Analisis teks dapat digunakan untuk memahami emosi dan topik dalam dokumen. Membaca kisah klasik bisa membantu memahami budaya dan sejarah masyarakat.,0
"Di Kerajaan Hastina, Prabu Duryudana dihadap Patih Sangkuni, Danghyang Druna, dan Adipati Karna. Patih Sangkuni melaporkan tentang seorang pemuda bernama Bambang Gandawardaya yang sangat sakti. Patih Sangkuni menipu Bambang Gandawardaya dengan mengatakan bahwa ayah kandungnya adalah...",1
Aku sedang belajar membuat dataset teks untuk pelatihan model bahasa. Dataset ini akan digunakan untuk percobaan NLP sederhana.,0
Aku sedang belajar membuat dataset teks untuk pelatihan model bahasa. Analisis teks dapat digunakan untuk memahami emosi dan topik dalam dokumen.,0
Pemrograman Python sangat menyenangkan jika dipelajari dengan sabar. Banyak orang menyukai cerita fiksi karena mengandung nilai moral.,0
"Raden Gandakusuma, putra Arjuna dan Dewi Gandawati, berpamitan kepada ibunya untuk mencari ayah kandungnya di Kerajaan Amarta. Setelah semua kebenaran terungkap, Raden Arjuna...",1
Model pembelajaran mesin membutuhkan data yang seimbang antara dua kelas. Analisis teks dapat digunakan untuk memahami emosi dan topik dalam dokumen.,0
Saya sedang menguji model klasifikasi teks menggunakan dataset buatan. Proyek ini bertujuan mengenali tema dalam cerita berdasarkan kata kunci.,0
Membaca kisah klasik bisa membantu memahami budaya dan sejarah masyarakat. Analisis teks dapat digunakan untuk memahami emosi dan topik dalam dokumen.,0
"Prabu Kresna hadir sebagai penengah, memastikan agar Raden Gandawardaya menebus kesalahannya dengan membebaskan para Pandawa yang ditawan. Raden Gandawardaya menyerang Kerajaan Amarta atas perintah Prabu Duryudana, dan berhasil menaklukkan Arya Wrekodara, Raden Antareja, serta Raden Gatutkaca.",1
Membaca kisah klasik bisa membantu memahami budaya dan sejarah masyarakat. Proyek ini bertujuan mengenali tema dalam cerita berdasarkan kata kunci.,0
Analisis teks dapat digunakan untuk memahami emosi dan topik dalam dokumen. Membaca kisah klasik bisa membantu memahami budaya dan sejarah masyarakat.,0
Saya sedang menguji model klasifikasi teks menggunakan dataset buatan. Aku sedang belajar membuat dataset teks untuk pelatihan model bahasa.,0
Saya sedang menguji model klasifikasi teks menggunakan dataset buatan. Model pembelajaran mesin membutuhkan data yang seimbang antara dua kelas.,0
Banyak orang menyukai cerita fiksi karena mengandung nilai moral. Saya sedang menguji model klasifikasi teks menggunakan dataset buatan.,0
"Bagawan Wilawuk datang menjelaskan kebenaran bahwa Raden Arjuna adalah ayah dari kedua pemuda itu. Semua kesalahpahaman pun berakhir dengan damai. Raden Gandawardaya menyerang Kerajaan Amarta atas perintah Prabu Duryudana, dan berhasil menaklukkan...",1
"Pertarungan hebat terjadi antara Raden Gandakusuma dan Raden Gandawardaya, hingga akhirnya mereka sadar bahwa keduanya adalah saudara seayah. Dewi Grantangsasi, istri Raden Gandawardaya, ditinggal suaminya dan dirayu oleh Raden Lesmana...",1
Dataset ini akan digunakan untuk percobaan NLP sederhana. Banyak orang menyukai cerita fiksi karena mengandung nilai moral.,0
Banyak orang menyukai cerita fiksi karena mengandung nilai moral. Analisis teks dapat digunakan untuk memahami emosi dan topik dalam dokumen.,0
"Raden Gandawardaya menyerang Kerajaan Amarta atas perintah Prabu Duryudana, dan berhasil menaklukkan Arya Wrekodara, Raden Antareja, serta Raden Gatutkaca. Prabu Kresna hadir sebagai penengah, memastikan agar Raden Gandawardaya menebus kesalahannya dengan membebaskan para Pandawa yang ditawan.",1
Banyak orang menyukai cerita fiksi karena mengandung nilai moral. Dataset ini akan digunakan untuk percobaan NLP sederhana.,0
"Setelah semua kebenaran terungkap, Raden Arjuna memeluk kedua putranya dan mengajak mereka tinggal di Indraprasta. Prabu Kresna hadir sebagai penengah, memastikan agar Raden Gandawardaya menebus kesalahannya...",1
Analisis teks dapat digunakan untuk memahami emosi dan topik dalam dokumen. Hari ini cuaca sangat cerah dan langit berwarna biru.,0
"Di Kerajaan Hastina, Prabu Duryudana dihadap Patih Sangkuni, Danghyang Druna, dan Adipati Karna. Patih Sangkuni melaporkan tentang seorang pemuda bernama Bambang Gandawardaya yang...",1
"Dewi Grantangsasi bersyukur atas berakhirnya kesalahpahaman, dan kisah Gandawardaya pun menjadi pelajaran tentang kesetiaan, tipu daya, dan pengampunan. Raden Gandakusuma, putra Arjuna dan Dewi Gandawati, berpamitan kepada ibunya untuk mencari ayah kandungnya di Kerajaan Amarta.",1
Proyek ini bertujuan mengenali tema dalam cerita berdasarkan kata kunci. Dataset ini akan digunakan untuk percobaan NLP sederhana.,0
Aku sedang belajar membuat dataset teks untuk pelatihan model bahasa. Banyak orang menyukai cerita fiksi karena mengandung nilai moral.,0
Analisis teks dapat digunakan untuk memahami emosi dan topik dalam dokumen. Aku sedang belajar membuat dataset teks untuk pelatihan model bahasa.,0
Dataset ini akan digunakan untuk percobaan NLP sederhana. Proyek ini bertujuan mengenali tema dalam cerita berdasarkan kata kunci.,0
Membaca kisah klasik bisa membantu memahami budaya dan sejarah masyarakat. Banyak orang menyukai cerita fiksi karena mengandung nilai moral.,0
Model pembelajaran mesin membutuhkan data yang seimbang antara dua kelas. Pemrograman Python sangat menyenangkan jika dipelajari dengan sabar.,0
Model pembelajaran mesin membutuhkan data yang seimbang antara dua kelas. Saya sedang menguji model klasifikasi teks menggunakan dataset buatan.,0
Hari ini cuaca sangat cerah dan langit berwarna biru. Hari ini cuaca sangat cerah dan langit berwarna biru.,0
Model pembelajaran mesin membutuhkan data yang seimbang antara dua kelas. Dataset ini akan digunakan untuk percobaan NLP sederhana.,0
Saya sedang menguji model klasifikasi teks menggunakan dataset buatan. Analisis teks dapat digunakan untuk memahami emosi dan topik dalam dokumen.,0
"Setelah semua kebenaran terungkap, Raden Arjuna memeluk kedua putranya dan mengajak mereka tinggal di Indraprasta. Di Kerajaan Hastina, Prabu Duryudana dihadap Patih Sangkuni, Danghyang Druna, dan Adipati...",1
"Raden Gandawardaya menyerang Kerajaan Amarta atas perintah Prabu Duryudana, dan berhasil menaklukkan Arya Wrekodara, Raden Antareja, serta Raden Gatutkaca. Dewi Grantangsasi bersyukur atas berakhirnya kesalahpahaman, dan kisah Gandawardaya pun menjadi...",1
Analisis teks dapat digunakan untuk memahami emosi dan topik dalam dokumen. Proyek ini bertujuan mengenali tema dalam cerita berdasarkan kata kunci.,0
"Raden Gandawardaya menyerang Kerajaan Amarta atas perintah Prabu Duryudana, dan berhasil menaklukkan Arya Wrekodara, Raden Antareja, serta Raden Gatutkaca. Setelah semua kebenaran terungkap, Raden Arjuna...",1
Proyek ini bertujuan mengenali tema dalam cerita berdasarkan kata kunci. Pemrograman Python sangat menyenangkan jika dipelajari dengan sabar.,0
"Prabu Kresna hadir sebagai penengah, memastikan agar Raden Gandawardaya menebus kesalahannya dengan membebaskan para Pandawa yang ditawan. Dewi Grantangsasi bersyukur atas berakhirnya kesalahpahaman, dan kisah Gandawardaya pun menjadi pelajaran tentang kesetiaan, tipu daya, dan pengampunan.",1
"Raden Gandawardaya menyerang Kerajaan Amarta atas perintah Prabu Duryudana, dan berhasil menaklukkan Arya Wrekodara, Raden Antareja, serta Raden Gatutkaca. Dewi Grantangsasi, istri Raden Gandawardaya, ditinggal suaminya dan dirayu oleh Raden Lesmana Mandrakumara, namun ia...",1
Proyek ini bertujuan mengenali tema dalam cerita berdasarkan kata kunci. Proyek ini bertujuan mengenali tema dalam cerita berdasarkan kata kunci.,0
Analisis teks dapat digunakan untuk memahami emosi dan topik dalam dokumen. Hari ini cuaca sangat cerah dan langit berwarna biru.,0
Hari ini cuaca sangat cerah dan langit berwarna biru. Pemrograman Python sangat menyenangkan jika dipelajari dengan sabar.,0
Aku sedang belajar membuat dataset teks untuk pelatihan model bahasa. Saya sedang menguji model klasifikasi teks menggunakan dataset buatan.,0
Aku sedang belajar membuat dataset teks untuk pelatihan model bahasa. Model pembelajaran mesin membutuhkan data yang seimbang antara dua kelas.,0
Model pembelajaran mesin membutuhkan data yang seimbang antara dua kelas. Membaca kisah klasik bisa membantu memahami budaya dan sejarah masyarakat.,0
Proyek ini bertujuan mengenali tema dalam cerita berdasarkan kata kunci. Analisis teks dapat digunakan untuk memahami emosi dan topik dalam dokumen.,0
"Dewi Grantangsasi bersyukur atas berakhirnya kesalahpahaman, dan kisah Gandawardaya pun menjadi pelajaran tentang kesetiaan, tipu daya, dan pengampunan. Prabu Kresna hadir sebagai penengah, memastikan agar Raden Gandawardaya menebus kesalahannya dengan membebaskan para Pandawa yang ditawan.",1
"Setelah semua kebenaran terungkap, Raden Arjuna memeluk kedua putranya dan mengajak mereka tinggal di Indraprasta. Dewi Grantangsasi bersyukur atas berakhirnya kesalahpahaman, dan kisah Gandawardaya pun menjadi pelajaran tentang...",1
Aku sedang belajar membuat dataset teks untuk pelatihan model bahasa. Analisis teks dapat digunakan untuk memahami emosi dan topik dalam dokumen.,0
"Bagawan Wilawuk datang menjelaskan kebenaran bahwa Raden Arjuna adalah ayah dari kedua pemuda itu. Semua kesalahpahaman pun berakhir dengan damai. Prabu Kresna hadir sebagai penengah,...",1
Model pembelajaran mesin membutuhkan data yang seimbang antara dua kelas. Dataset ini akan digunakan untuk percobaan NLP sederhana.,0
"Pertarungan hebat terjadi antara Raden Gandakusuma dan Raden Gandawardaya, hingga akhirnya mereka sadar bahwa keduanya adalah saudara seayah. Dewi Grantangsasi, istri Raden Gandawardaya, ditinggal suaminya dan...",1
Saya sedang menguji model klasifikasi teks menggunakan dataset buatan. Banyak orang menyukai cerita fiksi karena mengandung nilai moral.,0
"Dewi Grantangsasi, istri Raden Gandawardaya, ditinggal suaminya dan dirayu oleh Raden Lesmana Mandrakumara, namun ia menolak dan menggunakan aji sirep untuk melarikan diri dari istana. Dewi...",1
"Pertarungan hebat terjadi antara Raden Gandakusuma dan Raden Gandawardaya, hingga akhirnya mereka sadar bahwa keduanya adalah saudara seayah. Bagawan Wilawuk datang menjelaskan kebenaran bahwa Raden Arjuna adalah ayah dari kedua pemuda itu....",1
"Pertarungan hebat terjadi antara Raden Gandakusuma dan Raden Gandawardaya, hingga akhirnya mereka sadar bahwa keduanya adalah saudara seayah. Prabu Kresna hadir sebagai penengah, memastikan agar Raden Gandawardaya menebus kesalahannya dengan membebaskan para Pandawa yang ditawan.",1
Analisis teks dapat digunakan untuk memahami emosi dan topik dalam dokumen. Membaca kisah klasik bisa membantu memahami budaya dan sejarah masyarakat.,0
Model pembelajaran mesin membutuhkan data yang seimbang antara dua kelas. Model pembelajaran mesin membutuhkan data yang seimbang antara dua kelas.,0
"Dewi Grantangsasi, istri Raden Gandawardaya, ditinggal suaminya dan dirayu oleh Raden Lesmana Mandrakumara, namun ia menolak dan menggunakan aji sirep untuk melarikan diri dari istana. Raden Gandawardaya menyerang Kerajaan Amarta atas perintah Prabu Duryudana, dan berhasil menaklukkan Arya Wrekodara, Raden Antareja, serta Raden Gatutkaca.",1
Banyak orang menyukai cerita fiksi karena mengandung nilai moral. Banyak orang menyukai cerita fiksi karena mengandung nilai moral.,0
Model pembelajaran mesin membutuhkan data yang seimbang antara dua kelas. Aku sedang belajar membuat dataset teks untuk pelatihan model bahasa.,0
Dataset ini akan digunakan untuk percobaan NLP sederhana. Aku sedang belajar membuat dataset teks untuk pelatihan model bahasa.,0
"Pertarungan hebat terjadi antara Raden Gandakusuma dan Raden Gandawardaya, hingga akhirnya mereka sadar bahwa keduanya adalah saudara seayah. Patih Sangkuni menipu Bambang Gandawardaya dengan mengatakan bahwa ayah kandungnya adalah Prabu Duryudana,...",1
"Dewi Grantangsasi, istri Raden Gandawardaya, ditinggal suaminya dan dirayu oleh Raden Lesmana Mandrakumara, namun ia menolak dan menggunakan aji sirep untuk melarikan diri dari istana. Raden Gandawardaya menyerang Kerajaan...",1
Hari ini cuaca sangat cerah dan langit berwarna biru. Model pembelajaran mesin membutuhkan data yang seimbang antara dua kelas.,0
"Bagawan Wilawuk datang menjelaskan kebenaran bahwa Raden Arjuna adalah ayah dari kedua pemuda itu. Semua kesalahpahaman pun berakhir dengan damai. Raden Gandawardaya menyerang Kerajaan Amarta atas perintah Prabu Duryudana, dan berhasil menaklukkan Arya Wrekodara, Raden Antareja, serta Raden Gatutkaca.",1
Hari ini cuaca sangat cerah dan langit berwarna biru. Dataset ini akan digunakan untuk percobaan NLP sederhana.,0
Aku sedang belajar membuat dataset teks untuk pelatihan model bahasa. Proyek ini bertujuan mengenali tema dalam cerita berdasarkan kata kunci.,0
Model pembelajaran mesin membutuhkan data yang seimbang antara dua kelas. Banyak orang menyukai cerita fiksi karena mengandung nilai moral.,0
Analisis teks dapat digunakan untuk memahami emosi dan topik dalam dokumen. Hari ini cuaca sangat cerah dan langit berwarna biru.,0
"Patih Sangkuni menipu Bambang Gandawardaya dengan mengatakan bahwa ayah kandungnya adalah Prabu Duryudana, padahal sebenarnya Raden Premadi adalah nama lain dari Raden Arjuna. Setelah semua kebenaran terungkap, Raden Arjuna memeluk kedua putranya dan...",1
"Bagawan Wilawuk datang menjelaskan kebenaran bahwa Raden Arjuna adalah ayah dari kedua pemuda itu. Semua kesalahpahaman pun berakhir dengan damai. Setelah semua kebenaran terungkap, Raden Arjuna memeluk kedua putranya dan mengajak mereka tinggal di Indraprasta.",1
Model pembelajaran mesin membutuhkan data yang seimbang antara dua kelas. Hari ini cuaca sangat cerah dan langit berwarna biru.,0
Saya sedang menguji model klasifikasi teks menggunakan dataset buatan. Model pembelajaran mesin membutuhkan data yang seimbang antara dua kelas.,0
"Patih Sangkuni menipu Bambang Gandawardaya dengan mengatakan bahwa ayah kandungnya adalah Prabu Duryudana, padahal sebenarnya Raden Premadi adalah nama lain dari Raden Arjuna. Setelah semua kebenaran terungkap, Raden Arjuna memeluk kedua...",1
Saya sedang menguji model klasifikasi teks menggunakan dataset buatan. Analisis teks dapat digunakan untuk memahami emosi dan topik dalam dokumen.,0
Proyek ini bertujuan mengenali tema dalam cerita berdasarkan kata kunci. Analisis teks dapat digunakan untuk memahami emosi dan topik dalam dokumen.,0
"Dewi Grantangsasi, istri Raden Gandawardaya, ditinggal suaminya dan dirayu oleh Raden Lesmana Mandrakumara, namun ia menolak dan menggunakan aji sirep untuk melarikan diri dari istana. Patih Sangkuni menipu Bambang Gandawardaya dengan mengatakan bahwa ayah kandungnya adalah...",1
Saya sedang menguji model klasifikasi teks menggunakan dataset buatan. Banyak orang menyukai cerita fiksi karena mengandung nilai moral.,0
Hari ini cuaca sangat cerah dan langit berwarna biru. Model pembelajaran mesin membutuhkan data yang seimbang antara dua kelas.,0
Aku sedang belajar membuat dataset teks untuk pelatihan model bahasa. Pemrograman Python sangat menyenangkan jika dipelajari dengan sabar.,0
Saya sedang menguji model klasifikasi teks menggunakan dataset buatan. Banyak orang menyukai cerita fiksi karena mengandung nilai moral.,0
Pemrograman Python sangat menyenangkan jika dipelajari dengan sabar. Hari ini cuaca sangat cerah dan langit berwarna biru.,0
"Di Kerajaan Hastina, Prabu Duryudana dihadap Patih Sangkuni, Danghyang Druna, dan Adipati Karna. Patih Sangkuni melaporkan tentang seorang pemuda bernama Bambang Gandawardaya yang sangat sakti....",1
Pemrograman Python sangat menyenangkan jika dipelajari dengan sabar. Pemrograman Python sangat menyenangkan jika dipelajari dengan sabar.,0
Hari ini cuaca sangat cerah dan langit berwarna biru. Saya sedang menguji model klasifikasi teks menggunakan dataset buatan.,0
"Dewi Grantangsasi, istri Raden Gandawardaya, ditinggal suaminya dan dirayu oleh Raden Lesmana Mandrakumara, namun ia menolak dan menggunakan aji sirep untuk melarikan diri dari istana. Bagawan...",1
"Dewi Grantangsasi, istri Raden Gandawardaya, ditinggal suaminya dan dirayu oleh Raden Lesmana Mandrakumara, namun ia menolak dan menggunakan aji sirep untuk melarikan diri dari istana. Raden Gandakusuma, putra Arjuna dan Dewi Gandawati, berpamitan kepada ibunya untuk mencari ayah...",1
Aku sedang belajar membuat dataset teks untuk pelatihan model bahasa. Proyek ini bertujuan mengenali tema dalam cerita berdasarkan kata kunci.,0
Hari ini cuaca sangat cerah dan langit berwarna biru. Analisis teks dapat digunakan untuk memahami emosi dan topik dalam dokumen.,0
"Pertarungan hebat terjadi antara Raden Gandakusuma dan Raden Gandawardaya, hingga akhirnya mereka sadar bahwa keduanya adalah saudara seayah. Di Kerajaan Hastina, Prabu Duryudana dihadap Patih Sangkuni, Danghyang Druna, dan Adipati Karna. Patih Sangkuni melaporkan tentang seorang pemuda bernama Bambang...",1
